Name,Platform,Genre,Release,Publisher,NA_Sales,JP_Sales,Critic_Score,Critic_Count,Developer,User_Score,User_Count
Yoshi's Island DS,DS,Platform,2006.0,Nintendo,145,110,81.0,42.0,Artoon,7.4,67.0
Mario vs. Donkey Kong: Mini-Land Mayhem!,DS,Puzzle,2010.0,Nintendo,163,35,79.0,51.0,Nintendo,7.7,18.0
Nintendogs,DS,Simulation,2005.0,Nintendo,905,193,nan,nan,nan,nan,nan
Valkyrie Profile: Covenant of the Plume,DS,Role-Playing,2008.0,Square Enix,22,16,74.0,35.0,Tri-Ace,6.8,12.0
Dragon Quest Monsters: Joker 2,DS,Role-Playing,2010.0,Square Enix,9,124,77.0,33.0,TOSE,7.3,15.0
Personal Trainer: Cooking,DS,Misc,2006.0,Nintendo,90,103,81.0,12.0,Indies Zero,7.8,10.0
Pokemon Ranger: Shadows of Almia,DS,Role-Playing,2008.0,Nintendo,94,62,68.0,24.0,"HAL Labs, Creatures Inc.",8.2,27.0
Mega Man Zero Collection,DS,Platform,2010.0,Capcom,17,11,78.0,15.0,"Inti, Inti Creates",8.9,39.0
"999: Nine Hours, Nine Persons, Nine Doors",DS,Adventure,2009.0,ChunSoft,31,3,nan,nan,nan,nan,nan
Solatorobo: Red the Hunter,DS,Role-Playing,2010.0,Nintendo,8,7,76.0,40.0,CyberConnect2,7.9,23.0
Final Fantasy: The 4 Heroes of Light,DS,Role-Playing,2009.0,Square Enix,22,23,71.0,49.0,Matrix Software,7.1,38.0
Mario & Sonic at the Olympic Games,DS,Sports,2008.0,Sega,163,44,nan,nan,nan,nan,nan
Disney Fairies: Tinker Bell,DS,Adventure,2008.0,Disney Interactive Studios,85,1,nan,nan,"Genius Sonority Inc., Disney Interactive Studios",7.8,5.0
Picross 3D,DS,Puzzle,2009.0,Nintendo,28,16,83.0,35.0,HAL Labs,8.4,33.0
Brain Age: Train Your Brain in Minutes a Day,DS,Misc,2005.0,Nintendo,474,416,77.0,58.0,Nintendo,7.9,50.0
Wario: Master of Disguise,DS,Platform,2007.0,Nintendo,28,33,60.0,35.0,Suzak,7.4,19.0
Mystery Dungeon: Shiren the Wanderer,DS,Role-Playing,2006.0,Sega,17,33,69.0,27.0,ChunSoft,8.2,21.0
Infinite Space,DS,Role-Playing,2009.0,Sega,6,7,75.0,46.0,PlatinumGames,9,61.0
Meteos,DS,Puzzle,2005.0,Nintendo,15,6,88.0,49.0,Q Entertainment,7.5,164.0
Children of Mana,DS,Role-Playing,2006.0,Nintendo,16,28,65.0,34.0,Nex Entertainment,6,21.0
Front Mission,DS,Strategy,2007.0,Square Enix,1,3,72.0,19.0,Square Enix,8.9,9.0
KORG DS-10 Synthesizer Plus,DS,Misc,2009.0,AQ Interactive,7,2,nan,nan,nan,nan,nan
Mega Man Star Force 2: Zerker x Ninja / Saurian,DS,Action,2007.0,Capcom,24,31,nan,nan,nan,nan,nan
Etrian Odyssey,DS,Role-Playing,2007.0,Nintendo,19,9,75.0,30.0,"Lancarse, Atlus",8.5,37.0
Metal Slug 7,DS,Shooter,2008.0,Ignition Entertainment,12,1,70.0,38.0,SNK Playmore,7.4,13.0
Brain Age 2: More Training in Minutes a Day,DS,Puzzle,2005.0,Nintendo,343,532,77.0,37.0,Nintendo,7.1,19.0
The Legend of Zelda: Spirit Tracks,DS,Action,2009.0,Nintendo,140,74,87.0,75.0,Nintendo,7.8,228.0
Rhythm Heaven,DS,Misc,2008.0,Nintendo,55,193,83.0,48.0,Nintendo,9,63.0
Cooking Mama 2: Dinner With Friends,DS,Simulation,2007.0,505 Games,160,10,70.0,39.0,Office Create,8,9.0
Rooms: The Main Building,DS,Adventure,2010.0,Nintendo,10,1,56.0,23.0,HandMade Game,tbd,nan
Final Fantasy Tactics A2: Grimoire of the Rift,DS,Role-Playing,2007.0,Square Enix,38,30,80.0,47.0,Square Enix,6.9,106.0
Golden Sun: Dark Dawn,DS,Role-Playing,2010.0,Nintendo,51,13,79.0,63.0,Camelot Software Planning,8.1,86.0
Sonic Colors,DS,Platform,2010.0,Sega,69,1,79.0,26.0,Dimps Corporation,7.9,66.0
Ninja Gaiden: Dragon Sword,DS,Action,2008.0,Tecmo Koei,16,2,83.0,52.0,Team Ninja,7.8,36.0
Metroid Prime Pinball,DS,Misc,2005.0,Nintendo,21,2,79.0,51.0,Fuse Games Limited,7.9,32.0
Naruto Shippuden: Shinobi Rumble,DS,Fighting,2010.0,Takara Tomy,3,5,nan,nan,Takara Tomy,tbd,nan
The Rub Rabbits!,DS,Puzzle,2005.0,Sega,3,4,nan,nan,nan,nan,nan
Fossil Fighters: Champions,DS,Role-Playing,2010.0,Nintendo,31,34,68.0,8.0,"RED Entertainment, Artdink",7.1,11.0
Mario & Luigi: Bowser's Inside Story,DS,Role-Playing,2009.0,Nintendo,223,81,nan,nan,nan,nan,nan
Cooking Mama 3: Shop & Chop,DS,Simulation,2009.0,505 Games,79,8,nan,nan,nan,nan,nan
Mario & Sonic at the Olympic Winter Games,DS,Sports,2009.0,Sega,121,27,nan,nan,nan,nan,nan
Mr. Driller: Drill Spirits,DS,Puzzle,2004.0,Nintendo,8,5,70.0,35.0,Namco,8.9,9.0
Dragon Quest IX: Sentinels of the Starry Skies,DS,Role-Playing,2009.0,Nintendo,63,434,87.0,65.0,Level 5,8.8,197.0
Pokemon Trozei!,DS,Puzzle,2005.0,Nintendo,25,31,nan,nan,nan,nan,nan
Super Princess Peach,DS,Platform,2005.0,Nintendo,70,21,75.0,48.0,TOSE,7.6,33.0
Apollo Justice: Ace Attorney,DS,Adventure,2007.0,Capcom,28,64,78.0,48.0,Capcom,8.1,84.0
Sands of Destruction,DS,Role-Playing,2008.0,Sega,9,13,63.0,20.0,"Image Epoch, Imageepoch",7.9,18.0
Tamagotchi Connection: Corner Shop,DS,Simulation,2005.0,Atari,10,112,59.0,20.0,NanaOn-Sha,7.7,6.0
Toy Story 3: The Video Game,DS,Action,2010.0,Disney Interactive Studios,89,2,nan,nan,nan,nan,nan
New Super Mario Bros.,DS,Platform,2006.0,Nintendo,1128,650,89.0,65.0,Nintendo,8.5,431.0
Dragon Quest V: Hand of the Heavenly Bride,DS,Role-Playing,2008.0,Square Enix,17,136,84.0,46.0,ArtePiazza,8.5,57.0
Style Savvy,DS,Simulation,2008.0,Nintendo,62,96,73.0,4.0,syn Sophia,7.7,7.0
Exit DS,DS,Puzzle,2008.0,Square Enix,9,1,64.0,25.0,Moss,6.7,6.0
Kirby: Mass Attack,DS,Platform,2011.0,Nintendo,48,41,83.0,46.0,HAL Labs,8.6,55.0
True Swing Golf,DS,Sports,2005.0,Nintendo,11,4,66.0,32.0,T&E Soft,7.7,11.0
Personal Trainer: Walking,DS,Sports,2008.0,Nintendo,21,17,69.0,6.0,Nintendo,tbd,nan
Mega Man ZX,DS,Platform,2006.0,Capcom,16,10,76.0,37.0,Inti Creates,8.3,32.0
Final Fantasy IV,DS,Simulation,2007.0,Square Enix,51,62,85.0,52.0,Matrix Software,7.7,164.0
Lufia: Curse of the Sinistrals,DS,Role-Playing,2010.0,Square Enix,11,3,80.0,8.0,Neverland,8,13.0
Donkey Kong Jungle Climber,DS,Platform,2007.0,Nintendo,25,24,nan,nan,nan,nan,nan
Pokémon Platinum Version,DS,Role-Playing,2008.0,Nintendo,276,269,83.0,46.0,Game Freak,8.5,203.0
Mario Party DS,DS,Misc,2007.0,Nintendo,440,198,72.0,27.0,Hudson Soft,7.8,85.0
Pokemon Diamond/Pokemon Pearl,DS,Role-Playing,2006.0,Nintendo,638,604,nan,nan,nan,nan,nan
Pokemon Black/Pokemon White,DS,Role-Playing,2010.0,Nintendo,551,565,nan,nan,nan,nan,nan
Cars 2,DS,Racing,2011.0,Disney Interactive Studios,68,4,nan,nan,nan,nan,nan
Etrian Odyssey III: The Drowned City,DS,Role-Playing,2010.0,Atlus,12,19,77.0,23.0,Atlus,8,21.0
Phoenix Wright: Ace Attorney - Justice for All,DS,Adventure,2006.0,Capcom,21,26,nan,nan,nan,nan,nan
Shin Megami Tensei: Strange Journey,DS,Role-Playing,2009.0,Atlus,13,14,80.0,26.0,Atlus,8.7,69.0
Pokemon Conquest,DS,Role-Playing,2012.0,Nintendo,56,37,80.0,40.0,Koei,8.2,89.0
Ghost Trick: Phantom Detective,DS,Adventure,2010.0,Capcom,17,12,83.0,60.0,Capcom,9,127.0
Dragon Ball Z: Supersonic Warriors 2,DS,Fighting,2005.0,Atari,13,32,66.0,13.0,Arc System Works,7.6,28.0
Glory of Heracles,DS,Role-Playing,2008.0,Nintendo,19,8,69.0,23.0,Paon Corporation,7.3,18.0
Disney Stitch Jam,DS,Misc,2009.0,Disney Interactive Studios,7,16,nan,nan,Cattle Call,tbd,nan
Disney Fairies: Tinker Bell and the Lost Treasure,DS,Adventure,2009.0,Disney Interactive Studios,56,2,nan,nan,Hyde,tbd,nan
Shin Megami Tensei: Devil Survivor,DS,Role-Playing,2009.0,Atlus,13,12,84.0,28.0,Atlus,8.8,79.0
Atelier Annie: Alchemists of Sera Island,DS,Role-Playing,2009.0,Gust,8,3,70.0,11.0,Gust,6.7,15.0
Monster Rancher DS,DS,Role-Playing,2008.0,Tecmo Koei,8,5,58.0,4.0,Cing,tbd,nan
Feel the Magic XY/XX,DS,Puzzle,2004.0,Sega,17,10,75.0,55.0,Sonic Team,8.1,18.0
Kirby Squeak Squad,DS,Platform,2006.0,Nintendo,78,105,71.0,29.0,"Flagship, HAL Labs",8.1,41.0
Gardening Mama,DS,Puzzle,2009.0,505 Games,79,1,60.0,17.0,Taito Corporation,9.3,4.0
Polarium,DS,Puzzle,2004.0,Nintendo,13,11,73.0,34.0,Mitchell,8.4,17.0
Mega Man Star Force 3: Black Ace / Red Joker,DS,Action,2008.0,Capcom,22,22,nan,nan,nan,nan,nan
Viewtiful Joe: Double Trouble!,DS,Action,2005.0,Capcom,8,1,nan,nan,nan,nan,nan
Monster Racers,DS,Racing,2009.0,Tecmo Koei,5,2,70.0,5.0,Koei,9,5.0
Nostalgia,DS,Role-Playing,2008.0,Tecmo Koei,16,2,72.0,36.0,Matrix Software,7.6,19.0
Final Fantasy III,DS,Role-Playing,2006.0,Square Enix,89,107,77.0,45.0,Matrix Software,7.1,136.0
Star Fox Command,DS,Shooter,2006.0,Nintendo,38,10,76.0,56.0,Q-Games,7.3,56.0
WarioWare Touched!,DS,Puzzle,2004.0,Nintendo,51,121,nan,nan,nan,nan,nan
Touch Detective 2 1/2,DS,Adventure,2007.0,505 Games,9,1,67.0,13.0,BeeWorks,tbd,nan
Naruto Shippuden: Ninja Council 4,DS,Action,2007.0,Nintendo,8,13,49.0,10.0,"Aspect, Takara Tomy",tbd,nan
Pirates of the Caribbean: At World's End,DS,Action,2007.0,Disney Interactive Studios,30,1,66.0,14.0,Amaze Entertainment,tbd,nan
Mega Man ZX Advent,DS,Platform,2007.0,Capcom,22,9,78.0,27.0,Inti Creates,8.6,32.0
Kingdom Hearts 358/2 Days,DS,Role-Playing,2009.0,Square Enix,106,53,75.0,53.0,h.a.n.d. Inc.,7.8,162.0
Pokemon Mystery Dungeon: Explorers of Sky,DS,Role-Playing,2009.0,Nintendo,56,44,54.0,26.0,ChunSoft,9,133.0
Clubhouse Games,DS,Misc,2006.0,Nintendo,59,73,83.0,30.0,Agenda,8.4,28.0
River City Super Sports Challenge,DS,Sports,2010.0,Arc System Works,1,2,nan,nan,Million,tbd,nan
Phoenix Wright: Ace Attorney,DS,Adventure,2005.0,Capcom,44,39,81.0,53.0,Capcom,9.2,203.0
Animal Crossing: Wild World,DS,Simulation,2005.0,Nintendo,250,533,86.0,57.0,Nintendo,8.7,242.0
Scribblenauts,DS,Puzzle,2009.0,Warner Bros. Interactive Entertainment,167,2,79.0,72.0,5TH Cell,7.6,110.0
Dragon Quest Monsters: Joker,DS,Role-Playing,2006.0,Square Enix,23,149,75.0,30.0,TOSE,7.4,27.0
Animal Crossing: Happy Home Designer,3DS,Simulation,2015.0,Nintendo,51,140,66.0,60.0,Nintendo,6.9,106.0
Mega Man Legacy Collection,3DS,Platform,2016.0,Capcom,14,5,77.0,27.0,Digital Eclipse,7.1,26.0
Disney Art Academy,3DS,Action,2016.0,Nintendo,2,8,72.0,16.0,Headstrong Games,6.8,5.0
Sonic Lost World,3DS,Platform,2013.0,Sega,24,7,59.0,34.0,Dimps Corporation,6.5,144.0
Shin Megami Tensei IV,3DS,Role-Playing,2013.0,Atlus,28,27,83.0,48.0,Atlus,8.3,251.0
Style Savvy: Trendsetters,3DS,Simulation,2012.0,Nintendo,16,53,76.0,5.0,syn Sophia,8,15.0
Persona Q: Shadow of the Labyrinth,3DS,Role-Playing,2014.0,Nippon Ichi Software,34,27,83.0,56.0,Atlus,8.1,169.0
The Legend of Zelda: Majora's Mask 3D,3DS,Action,2015.0,Nintendo,114,47,89.0,82.0,GREZZO,9,478.0
Rhythm Thief & the Emperor's Treasure,3DS,Misc,2012.0,Sega,7,12,nan,nan,nan,nan,nan
Donkey Kong Country Returns,3DS,Platform,2013.0,Nintendo,74,41,nan,nan,nan,nan,nan
Final Fantasy Explorers,3DS,Role-Playing,2014.0,Square Enix,16,28,69.0,57.0,Racjin,7,87.0
LEGO Ninjago: Shadow of Ronin,3DS,Action,2015.0,Warner Bros. Interactive Entertainment,5,4,nan,nan,TT Fusion,tbd,nan
Kirby: Triple Deluxe,3DS,Platform,2014.0,Nintendo,61,79,80.0,68.0,HAL Labs,8.8,206.0
Pokemon Mystery Dungeon: Gates to Infinity,3DS,Role-Playing,2012.0,Nintendo,44,47,59.0,46.0,"Nintendo, Spike Chunsoft",6.3,134.0
Cave Story 3D,3DS,Platform,2011.0,Nippon Ichi Software,9,1,82.0,29.0,Nicalis,7.7,72.0
Hyrule Warriors,3DS,Action,2016.0,Nintendo,17,11,nan,nan,nan,nan,nan
Art Academy: Lessons for Everyone,3DS,Action,2012.0,Nintendo,20,21,81.0,14.0,"Nintendo, Headstrong Games",7.6,22.0
Animal Crossing: New Leaf,3DS,Simulation,2012.0,Nintendo,202,438,88.0,70.0,Nintendo,8.7,626.0
Mario & Sonic at the London 2012 Olympic Games,3DS,Sports,2012.0,Sega,18,27,nan,nan,nan,nan,nan
Etrian Odyssey Untold: The Millennium Girl,3DS,Role-Playing,2013.0,Atlus,10,14,80.0,41.0,Atlus,8.2,89.0
Monster Hunter Tri,3DS,Role-Playing,2011.0,Nintendo,46,196,nan,nan,nan,nan,nan
Shovel Knight,3DS,Platform,2015.0,Yacht Club Games,8,2,90.0,9.0,Yacht Club Games,8.2,225.0
Super Smash Bros. for Wii U and 3DS,3DS,Fighting,2014.0,Nintendo,327,243,nan,nan,nan,nan,nan
LEGO City Undercover,3DS,Platform,2013.0,Nintendo,52,7,nan,nan,nan,nan,nan
The LEGO Movie Videogame,3DS,Action,2014.0,Warner Bros. Interactive Entertainment,28,5,nan,nan,TT Games,5.4,13.0
Reel Fishing Paradise 3D,3DS,Sports,2011.0,Marvelous Interactive,12,6,57.0,5.0,Natsume,tbd,nan
Pokemon Rumble Blast,3DS,Action,2011.0,Nintendo,47,35,56.0,36.0,Ambrella,7.1,50.0
Disney Magic World 2,3DS,Action,2015.0,Nintendo,2,19,nan,nan,nan,nan,nan
Chibi-Robo! Zip Lash,3DS,Platform,2015.0,Nintendo,9,6,nan,nan,nan,nan,nan
Resident Evil: The Mercenaries 3D,3DS,Action,2011.0,Capcom,16,13,65.0,69.0,Capcom,6.4,110.0
Monster Hunter X,3DS,Action,2015.0,Capcom,27,279,nan,nan,nan,nan,nan
Puzzle & Dragons Z + Super Mario Bros. Edition,3DS,Puzzle,2015.0,Nintendo,6,34,nan,nan,nan,nan,nan
Paper Mario: Sticker Star,3DS,Role-Playing,2012.0,Nintendo,112,64,75.0,69.0,Intelligent Systems,5.6,382.0
Resident Evil: Revelations,3DS,Action,2012.0,Capcom,30,30,82.0,78.0,Capcom,8.5,397.0
Theatrhythm Final Fantasy: Curtain Call,3DS,Misc,2014.0,Square Enix,13,15,83.0,52.0,Indies Zero,8.2,66.0
Bravely Second: End Layer,3DS,Role-Playing,2015.0,Nintendo,17,18,81.0,70.0,Silicon Studio,7.4,103.0
Mario & Sonic at the Rio 2016 Olympic Games,3DS,Action,2016.0,Nintendo,5,25,nan,nan,nan,nan,nan
Super Mario 3D Land,3DS,Platform,2011.0,Nintendo,488,214,90.0,82.0,Nintendo,8.4,921.0
Theatrhythm: Final Fantasy,3DS,Misc,2012.0,Square Enix,22,18,78.0,60.0,Indies Zero,7.8,113.0
Epic Mickey: Power of Illusion,3DS,Action,2012.0,Disney Interactive Studios,36,4,nan,nan,nan,nan,nan
Shin Megami Tensei: Devil Summoner - Soul Hackers,3DS,Role-Playing,2012.0,Atlus,13,14,nan,nan,nan,nan,nan
Code Name: S.T.E.A.M.,3DS,Strategy,2015.0,Nintendo,14,1,69.0,69.0,Intelligent Systems,7.7,125.0
Professor Layton and the Mask of Miracle,3DS,Puzzle,2011.0,Nintendo,32,36,nan,nan,nan,nan,nan
Mario & Luigi: Dream Team,3DS,Role-Playing,2013.0,Nintendo,89,46,nan,nan,nan,nan,nan
Mario Kart 7,3DS,Racing,2011.0,Nintendo,503,269,85.0,73.0,"Retro Studios, Entertainment Analysis & Development Division",8.2,632.0
 Fire Emblem Fates,3DS,Role-Playing,2015.0,Nintendo,81,52,nan,nan,nan,nan,nan
Kid Icarus: Uprising,3DS,Action,2012.0,Nintendo,48,36,83.0,75.0,"Opus, Project Sora",8.7,487.0
Star Fox 64 3D,3DS,Shooter,2011.0,Nintendo,48,13,81.0,65.0,Nintendo,8.2,231.0
The Legend of Zelda: Tri Force Heroes,3DS,Action,2015.0,Nintendo,53,17,73.0,73.0,Nintendo,7.6,179.0
Etrian Mystery Dungeon,3DS,Role-Playing,2015.0,Nippon Ichi Software,9,13,77.0,44.0,Spike Chunsoft,7.9,49.0
Mario Party: Star Rush,3DS,Misc,2016.0,Nintendo,8,8,68.0,37.0,"Nintendo, Nd Cube",6.8,16.0
Hatsune Miku: Project Mirai DX,3DS,Misc,2015.0,Sega,16,10,80.0,32.0,Sega,8.5,71.0
Langrisser: Re:Incarnation Tensei,3DS,Role-Playing,2015.0,Extreme Entertainment Group,2,1,nan,nan,nan,nan,nan
Mario Tennis Open,3DS,Sports,2012.0,Nintendo,26,34,69.0,58.0,Camelot Software Planning,6.9,110.0
LEGO Jurassic World,3DS,Action,2015.0,Warner Bros. Interactive Entertainment,31,3,nan,nan,TT Games,7.2,11.0
New Super Mario Bros. 2,3DS,Platform,2012.0,Nintendo,366,247,78.0,70.0,Nintendo,7.2,424.0
Code of Princess,3DS,Action,2012.0,Agatsuma Entertainment,16,3,67.0,38.0,Studio Saizensen,7.6,73.0
Lego Star Wars: The Force Awakens,3DS,Action,2016.0,Warner Bros. Interactive Entertainment,4,1,nan,nan,TT Games,7.8,9.0
Spirit Camera: The Cursed Memoir,3DS,Adventure,2012.0,Nintendo,13,6,54.0,35.0,Tecmo Koei Games,6.1,28.0
Bravely Default: Flying Fairy,3DS,Role-Playing,2012.0,Nintendo,50,49,nan,nan,nan,nan,nan
Luigi's Mansion: Dark Moon,3DS,Action,2013.0,Nintendo,180,111,86.0,74.0,Next Level Games,8.4,458.0
Fire Emblem: Awakening,3DS,Role-Playing,2012.0,Nintendo,90,54,92.0,72.0,Intelligent Systems,9.1,1130.0
Sonic Generations,3DS,Platform,2011.0,Sega,44,1,66.0,29.0,"Sega, Dimps Corporation",6.9,108.0
Mario Party: Island Tour,3DS,Misc,2013.0,Nintendo,62,55,57.0,47.0,"Nintendo, Nd Cube",6.3,117.0
Mario & Luigi: Paper Jam,3DS,Role-Playing,2015.0,Nintendo,16,26,nan,nan,nan,nan,nan
Nintendogs + cats,3DS,Simulation,2011.0,Nintendo,144,73,nan,nan,nan,nan,nan
Tekken 3D: Prime Edition,3DS,Fighting,2012.0,Nintendo,6,5,64.0,42.0,Arika,5.9,39.0
Fantasy Life,3DS,Role-Playing,2012.0,Nintendo,33,37,73.0,51.0,"Level 5, Brownie Brown",8.6,209.0
Yokai Watch,3DS,Role-Playing,2013.0,Nintendo,25,133,nan,nan,nan,nan,nan
Stella Glow,3DS,Role-Playing,2015.0,Atlus,16,5,79.0,32.0,"Image Epoch, Imageepoch",8.7,82.0
LEGO Marvel Super Heroes,3DS,Action,2013.0,Warner Bros. Interactive Entertainment,42,4,61.0,4.0,TT Games,5.2,11.0
Super Monkey Ball 3D,3DS,Action,2011.0,Sega,26,5,55.0,57.0,Sega,5.5,31.0
Mario Golf: World Tour,3DS,Sports,2014.0,Nintendo,15,17,78.0,73.0,Camelot Software Planning,8.2,76.0
Tomodachi Life,3DS,Simulation,2013.0,Nintendo,97,190,nan,nan,nan,nan,nan
Yokai Watch 2 Ganso/Honke,3DS,Role-Playing,2014.0,Nintendo,9,318,nan,nan,nan,nan,nan
Pokemon Omega Ruby/Pokemon Alpha Sapphire,3DS,Role-Playing,2014.0,Nintendo,434,310,nan,nan,nan,nan,nan
The Legend of Zelda: A Link Between Worlds,3DS,Action,2013.0,Nintendo,140,46,91.0,81.0,Nintendo,8.9,1057.0
LEGO Marvel's Avengers,3DS,Action,2016.0,Warner Bros. Interactive Entertainment,7,1,60.0,4.0,TT Games,7.1,15.0
Kingdom Hearts 3D: Dream Drop Distance,3DS,Action,2012.0,Square Enix,88,34,75.0,54.0,Square Enix,8.2,267.0
Pokemon X/Pokemon Y,3DS,Role-Playing,2013.0,Nintendo,528,434,nan,nan,nan,nan,nan
Monster Hunter 4 Ultimate,3DS,Role-Playing,2014.0,Nintendo,68,262,86.0,80.0,Capcom,8.7,348.0
Super Street Fighter IV: 3D Edition,3DS,Fighting,2011.0,Capcom,55,14,85.0,69.0,Capcom,8.1,206.0
Pokemon Super Mystery Dungeon,3DS,Role-Playing,2015.0,Nintendo,48,34,69.0,44.0,"Spike Chunsoft Co. Ltd., Spike Chunsoft",8.8,190.0
Yoshi's New Island,3DS,Platform,2014.0,Nintendo,48,28,64.0,71.0,Arzest,6.1,155.0
Etrian Odyssey IV: Legends of the Titans,3DS,Role-Playing,2012.0,Atlus,12,20,nan,nan,nan,nan,nan
Fossil Fighters: Frontier,3DS,Role-Playing,2014.0,Nintendo,8,23,57.0,25.0,"RED Entertainment, Spike Chunsoft",4.8,19.0
Samurai Warriors 3,Wii,Action,2009.0,Nintendo,9,32,55.0,26.0,Omega Force,7.2,22.0
Mario Party 8,Wii,Misc,2007.0,Nintendo,374,158,62.0,41.0,Hudson,6.3,190.0
Dragon Quest Swords: The Masked Queen and the Tower of Mirrors,Wii,Role-Playing,2007.0,Square Enix,18,50,65.0,43.0,"Eighting, Genius Sonority Inc.",5.9,21.0
Resident Evil Archives: Resident Evil,Wii,Action,2008.0,Capcom,16,8,76.0,11.0,Capcom,8.9,41.0
Samurai Warriors: Katana,Wii,Action,2007.0,Tecmo Koei,11,4,53.0,30.0,"Koei, Omega Force",6.8,6.0
The House of the Dead 2 & 3 Return,Wii,Shooter,2008.0,Sega,77,3,nan,nan,nan,nan,nan
Wii Fit Plus,Wii,Sports,2009.0,Nintendo,901,252,80.0,33.0,Nintendo,7.4,52.0
Tetris Party Deluxe,Wii,Puzzle,2010.0,Nintendo,33,2,72.0,19.0,"Tetris Online, Inc",5.8,4.0
New Play Control! Pikmin,Wii,Strategy,2008.0,Nintendo,28,19,nan,nan,nan,nan,nan
Kirby's Epic Yarn,Wii,Platform,2010.0,Nintendo,142,45,nan,nan,nan,nan,nan
Mario Kart Wii,Wii,Racing,2008.0,Nintendo,1568,379,82.0,73.0,Nintendo,8.3,709.0
Super Paper Mario,Wii,Platform,2007.0,Nintendo,195,59,85.0,56.0,Intelligent Systems,7.9,417.0
The House of the Dead: Overkill,Wii,Shooter,2009.0,Sega,44,2,78.0,65.0,Headstrong Games,8.7,95.0
Sin and Punishment: Star Successor,Wii,Shooter,2009.0,Nintendo,19,6,nan,nan,nan,nan,nan
MadWorld,Wii,Action,2009.0,Sega,45,2,81.0,74.0,PlatinumGames,8.6,176.0
The Legend of Zelda: Skyward Sword,Wii,Action,2011.0,Nintendo,202,37,93.0,81.0,Nintendo,8,1958.0
WarioWare: Smooth Moves,Wii,Puzzle,2006.0,Nintendo,86,73,83.0,61.0,Intelligent Systems,7.4,179.0
Pokemon Battle Revolution,Wii,Role-Playing,2006.0,Nintendo,78,30,53.0,34.0,Genius Sonority Inc.,6.7,106.0
Champion Jockey: G1 Jockey & Gallop Racer,Wii,Sports,2011.0,Tecmo Koei,4,1,nan,nan,nan,nan,nan
Mario Strikers Charged,Wii,Sports,2007.0,Nintendo,105,24,79.0,47.0,Next Level Games,8,124.0
Sonic Riders: Zero Gravity,Wii,Racing,2008.0,Sega,48,2,56.0,26.0,Sonic Team,8.1,57.0
Monster Hunter Tri,Wii,Role-Playing,2009.0,Nintendo,65,105,84.0,70.0,Capcom,8.6,219.0
Final Fantasy Fables: Chocobo's Dungeon,Wii,Role-Playing,2007.0,Square Enix,9,11,76.0,34.0,h.a.n.d. Inc.,8,20.0
Sengoku Basara: Samurai Heroes,Wii,Action,2010.0,Capcom,6,20,65.0,18.0,Capcom,8.8,13.0
Wii Sports Resort,Wii,Sports,2009.0,Nintendo,1561,328,80.0,73.0,Nintendo,8,192.0
Cooking Mama: Cook Off,Wii,Simulation,2007.0,505 Games,141,5,61.0,37.0,OfficeCreate,5.3,23.0
Phantom Brave: We Meet Again,Wii,Role-Playing,2009.0,Nippon Ichi Software,12,1,76.0,12.0,Nippon Ichi Software,7.1,15.0
Resident Evil: The Darkside Chronicles,Wii,Action,2009.0,Capcom,46,20,75.0,55.0,Cavia Inc.,8,60.0
Zack & Wiki: Quest for Barbaros' Treasure,Wii,Adventure,2007.0,Nintendo,18,3,nan,nan,nan,nan,nan
Animal Crossing: City Folk,Wii,Simulation,2008.0,Nintendo,182,132,73.0,50.0,Nintendo,7.6,119.0
Tatsunoko vs. Capcom: Ultimate All-Stars,Wii,Fighting,2010.0,Capcom,30,3,85.0,62.0,Eighting,8.8,85.0
Wii Sports,Wii,Sports,2006.0,Nintendo,4136,377,76.0,51.0,Nintendo,8,322.0
Wii Music,Wii,Misc,2008.0,Nintendo,135,46,63.0,43.0,Nintendo,4.6,116.0
FlingSmash,Wii,Action,2010.0,Nintendo,37,7,48.0,26.0,Artoon,6.8,13.0
Naruto Shippuden: Dragon Blade Chronicles,Wii,Action,2009.0,505 Games,11,5,38.0,14.0,"Eighting, Takara Tomy",3,12.0
Endless Ocean,Wii,Adventure,2007.0,Nintendo,43,9,72.0,42.0,Arika,8.1,61.0
Excite Truck,Wii,Racing,2006.0,Nintendo,39,8,72.0,57.0,Monster Games Inc.,8.4,83.0
We Love Golf!,Wii,Sports,2007.0,Capcom,19,3,nan,nan,nan,nan,nan
Trauma Center: Second Opinion,Wii,Simulation,2006.0,Nintendo,28,3,80.0,49.0,Atlus,8,47.0
Active Life: Outdoor Challenge,Wii,Sports,2008.0,Atari,78,19,69.0,6.0,h.a.n.d. Inc.,8.1,14.0
Super Mario All-Stars: Limited Edition,Wii,Platform,2010.0,Nintendo,99,92,nan,nan,nan,nan,nan
Mario Super Sluggers,Wii,Sports,2008.0,Nintendo,148,28,69.0,31.0,Namco Bandai Games,7.8,58.0
Resident Evil 4,Wii,Action,2007.0,Capcom,132,14,nan,nan,nan,nan,nan
Sonic and the Black Knight,Wii,Platform,2009.0,Sega,64,1,54.0,51.0,Sonic Team,6.9,198.0
Big Brain Academy: Wii Degree,Wii,Misc,2007.0,Nintendo,105,41,68.0,33.0,Nintendo,6.9,39.0
Trauma Center: New Blood,Wii,Simulation,2007.0,Nintendo,22,1,77.0,43.0,Atlus,8,20.0
New Play Control! Donkey Kong Jungle Beat,Wii,Platform,2008.0,Nintendo,23,14,nan,nan,nan,nan,nan
New Play Control! Pikmin 2,Wii,Strategy,2009.0,Nintendo,11,33,nan,nan,nan,nan,nan
The Legend of Zelda: Twilight Princess,Wii,Action,2006.0,Nintendo,374,60,95.0,73.0,Nintendo,9,1658.0
Dragon Ball Z: Budokai Tenkaichi 3,Wii,Fighting,2007.0,Atari,32,26,72.0,27.0,"Spike, Namco Bandai Games",8.4,61.0
Final Fantasy Crystal Chronicles: The Crystal Bearers,Wii,Action,2009.0,Square Enix,21,8,66.0,53.0,Square Enix,7.6,70.0
Mario & Sonic at the Olympic Games,Wii,Sports,2007.0,Sega,257,66,nan,nan,nan,nan,nan
Kororinpa: Marble Mania,Wii,Puzzle,2006.0,Nintendo,8,3,69.0,39.0,Hudson,8.7,21.0
Pirates of the Caribbean: At World's End,Wii,Action,2007.0,Disney Interactive Studios,39,1,53.0,17.0,Eurocom Entertainment Software,7.2,17.0
Let's TAP,Wii,Misc,2008.0,Sega,8,1,70.0,47.0,Prope,6.6,11.0
Fortune Street,Wii,Misc,2011.0,Nintendo,25,17,68.0,42.0,Marvelous AQL,7.5,24.0
New Play Control! Mario Power Tennis,Wii,Sports,2009.0,Nintendo,35,28,nan,nan,nan,nan,nan
Metroid: Other M,Wii,Action,2010.0,Nintendo,85,13,79.0,71.0,Team Ninja,6.5,482.0
We Ski & Snowboard,Wii,Sports,2008.0,Atari,38,15,nan,nan,nan,nan,nan
Super Monkey Ball: Banana Blitz,Wii,Misc,2006.0,Sega,105,4,74.0,53.0,Sega,5.7,72.0
Battalion Wars 2,Wii,Strategy,2007.0,Nintendo,22,8,75.0,38.0,Kuju Entertainment,7.6,45.0
Fire Emblem: Radiant Dawn,Wii,Strategy,2007.0,Nintendo,27,17,78.0,36.0,Intelligent Systems,8.7,180.0
Xenoblade Chronicles,Wii,Role-Playing,2010.0,Nintendo,43,16,92.0,59.0,Monolith Soft,8.9,950.0
Kirby's Return to Dreamland,Wii,Platform,2011.0,Nintendo,57,79,77.0,49.0,HAL Labs,8.5,156.0
Mario & Sonic at the Olympic Winter Games,Wii,Sports,2009.0,Sega,187,22,nan,nan,nan,nan,nan
Samba De Amigo,Wii,Misc,2008.0,Sega,41,1,68.0,43.0,Gearbox Software,8.1,40.0
Mario & Sonic at the London 2012 Olympic Games,Wii,Sports,2011.0,Sega,112,27,nan,nan,nan,nan,nan
Cooking Mama: World Kitchen,Wii,Simulation,2008.0,505 Games,51,1,62.0,17.0,Cooking Mama Limited,4.9,12.0
Endless Ocean: Blue World,Wii,Simulation,2009.0,Nintendo,46,12,76.0,42.0,Arika,8.5,26.0
Final Fantasy Crystal Chronicles: Echoes of Time,Wii,Role-Playing,2009.0,Square Enix,13,5,64.0,29.0,Square Enix,5.6,11.0
Kirby's Dream Collection: Special Edition,Wii,Action,2012.0,Nintendo,33,33,82.0,6.0,HAL Labs,8.8,37.0
Okami,Wii,Action,2008.0,Capcom,43,4,90.0,44.0,Ready at Dawn,8.9,236.0
New Super Mario Bros. Wii,Wii,Platform,2009.0,Nintendo,1444,470,87.0,80.0,Nintendo,8.4,594.0
Wii Play: Motion,Wii,Misc,2011.0,Nintendo,23,18,60.0,34.0,Nintendo,6.1,16.0
Donkey Kong Barrel Blast,Wii,Racing,2007.0,Nintendo,19,11,46.0,34.0,Paon Corporation,6.8,26.0
Donkey Kong Country Returns,Wii,Platform,2010.0,Nintendo,317,103,87.0,77.0,Retro Studios,8.6,368.0
Sonic Colors,Wii,Platform,2010.0,Sega,92,1,78.0,58.0,Sonic Team,8.5,301.0
Wario Land: Shake It!,Wii,Platform,2008.0,Nintendo,59,15,nan,nan,nan,nan,nan
Pandora's Tower,Wii,Role-Playing,2011.0,Nintendo,11,8,73.0,48.0,Ganbarion,8,99.0
Super Swing Golf,Wii,Sports,2006.0,Nintendo,14,7,72.0,44.0,"Tecmo, Ntreev Soft",7.8,15.0
Wii Party,Wii,Misc,2010.0,Nintendo,175,249,68.0,42.0,Nd Cube,7.4,54.0
Epic Mickey,Wii,Platform,2010.0,Disney Interactive Studios,204,12,73.0,78.0,Junction Point,7,131.0
The Last Story,Wii,Role-Playing,2011.0,Nintendo,30,18,80.0,61.0,"Mistwalker, Artoon",8.4,179.0
PokéPark Wii: Pikachu's Adventure,Wii,Adventure,2009.0,Nintendo,53,42,62.0,22.0,Creatures Inc.,7.2,36.0
Super Mario Galaxy 2,Wii,Platform,2010.0,Nintendo,356,98,97.0,87.0,Nintendo EAD Tokyo,9.1,1854.0
Super Smash Bros. Brawl,Wii,Fighting,2008.0,Nintendo,662,266,93.0,81.0,Game Arts,8.9,1662.0
Mario Sports Mix,Wii,Sports,2010.0,Nintendo,88,63,64.0,54.0,Square Enix,7.1,34.0
Arc Rise Fantasia,Wii,Role-Playing,2009.0,Marvelous Interactive,12,6,64.0,26.0,"Image Epoch, Imageepoch",7.8,43.0
Star Fox: Zero,WiiU,Shooter,2016.0,Nintendo,17,7,69.0,82.0,PlatinumGames,7.4,662.0
Resident Evil: Revelations,WiiU,Action,2013.0,Capcom,7,3,80.0,19.0,Capcom,7.5,146.0
Pikmin 3,WiiU,Strategy,2013.0,Nintendo,44,28,87.0,79.0,Nintendo,8.7,664.0
Shin Megami Tensei x Fire Emblem,WiiU,Role-Playing,2015.0,Nintendo,12,6,nan,nan,nan,nan,nan
New Super Luigi U,WiiU,Platform,2013.0,Nintendo,125,18,77.0,59.0,Nintendo,7.9,288.0
The LEGO Movie Videogame,WiiU,Action,2014.0,Warner Bros. Interactive Entertainment,33,3,68.0,5.0,TT Games,7.7,25.0
Nintendo Land,WiiU,Misc,2012.0,Nintendo,252,46,77.0,61.0,Nintendo,7.9,471.0
Epic Mickey 2: The Power of Two,WiiU,Action,2012.0,Disney Interactive Studios,13,1,57.0,14.0,Junction Point,5.6,46.0
Captain Toad: Treasure Tracker,WiiU,Puzzle,2014.0,Nintendo,53,19,81.0,78.0,Nintendo EAD Tokyo,8.6,377.0
Xenoblade Chronicles X,WiiU,Role-Playing,2015.0,Nintendo,36,14,84.0,87.0,Monolith Soft,8.9,1548.0
Super Smash Bros. for Wii U and 3DS,WiiU,Fighting,2014.0,Nintendo,260,81,nan,nan,nan,nan,nan
Minecraft,WiiU,Misc,2016.0,Microsoft Game Studios,28,18,nan,nan,nan,nan,nan
Animal Crossing: Amiibo Festival,WiiU,Misc,2015.0,Nintendo,19,9,46.0,20.0,"Nintendo, Nd Cube",4.4,173.0
Mario Party 10,WiiU,Misc,2015.0,Nintendo,69,24,66.0,66.0,"Nintendo, Nd Cube",6.5,279.0
Super Mario 3D World,WiiU,Platform,2013.0,Nintendo,211,73,93.0,83.0,Nintendo,9,1607.0
LEGO City Undercover,WiiU,Platform,2013.0,Nintendo,47,13,80.0,66.0,TT Games,8.2,283.0
Bayonetta 2,WiiU,Action,2014.0,Nintendo,32,10,91.0,80.0,PlatinumGames,8.2,1217.0
Wii Party U,WiiU,Misc,2013.0,Nintendo,30,84,65.0,38.0,Nd Cube,6.8,135.0
Paper Mario: Color Splash,WiiU,Role-Playing,2016.0,Nintendo,20,5,75.0,72.0,"Nintendo, Intelligent Systems",6.8,208.0
LEGO Jurassic World,WiiU,Action,2015.0,Warner Bros. Interactive Entertainment,27,2,71.0,5.0,TT Games,8.1,14.0
Sonic Lost World,WiiU,Platform,2013.0,Sega,23,1,63.0,64.0,Sonic Team,7.3,461.0
Mario & Sonic at the Sochi 2014 Olympic Winter Games,WiiU,Sports,2013.0,Nintendo,37,13,nan,nan,nan,nan,nan
The Wonderful 101,WiiU,Action,2013.0,Nintendo,19,8,78.0,75.0,PlatinumGames,8.5,495.0
Game & Wario,WiiU,Misc,2013.0,Nintendo,5,12,nan,nan,nan,nan,nan
Lego Star Wars: The Force Awakens,WiiU,Action,2016.0,Warner Bros. Interactive Entertainment,6,1,74.0,6.0,TT Games,8,11.0
NES Remix,WiiU,Action,2014.0,Nintendo,17,8,71.0,34.0,Indies Zero,7.1,133.0
The Legend of Zelda: Twilight Princess HD,WiiU,Action,2016.0,Nintendo,56,8,86.0,74.0,"Tantalus Interactive, Tantatus, Nintendo",8.4,329.0
New Super Mario Bros. U,WiiU,Platform,2012.0,Nintendo,229,127,84.0,70.0,Nintendo,8.1,733.0
Splatoon,WiiU,Shooter,2015.0,Nintendo,154,146,81.0,88.0,Nintendo,8.5,1184.0
Yoshi's Woolly World,WiiU,Platform,2015.0,Nintendo,62,11,78.0,83.0,Good-Feel,8.5,376.0
Mario Tennis Ultra Smash,WiiU,Sports,2015.0,Nintendo,13,14,58.0,58.0,"Nintendo, Camelot Software Planning",5.3,133.0
Hyrule Warriors,WiiU,Action,2014.0,Nintendo,57,13,76.0,81.0,Omega Force,8.3,662.0
Sonic & All-Stars Racing Transformed,WiiU,Racing,2012.0,Sega,19,2,nan,nan,nan,nan,nan
Wii Sports Club,WiiU,Sports,2014.0,Nintendo,17,4,68.0,21.0,Nintendo,7,106.0
Super Mario Maker,WiiU,Platform,2015.0,Nintendo,118,94,88.0,85.0,Nintendo,8.7,691.0
Mario Kart 8,WiiU,Racing,2014.0,Nintendo,315,128,88.0,82.0,Nintendo,9.1,1599.0
LEGO Marvel Super Heroes,WiiU,Action,2013.0,Warner Bros. Interactive Entertainment,31,2,82.0,8.0,TT Games,8,71.0
Mario & Sonic at the Rio 2016 Olympic Games,WiiU,Action,2016.0,Nintendo,7,11,nan,nan,nan,nan,nan
The Legend of Zelda: The Wind Waker,WiiU,Action,2013.0,Nintendo,92,14,nan,nan,nan,nan,nan
Crash Bandicoot 2: Cortex Strikes Back,PS,Platform,1997.0,Sony Computer Entertainment,378,131,nan,nan,nan,nan,nan
Grand Theft Auto,PS,Action,1997.0,Take-Two Interactive,79,4,nan,nan,nan,nan,nan
WCW Nitro,PS,Fighting,1998.0,THQ,142,3,nan,nan,nan,nan,nan
Battle Arena Toshinden 2,PS,Fighting,1995.0,Sony Computer Entertainment,15,41,nan,nan,nan,nan,nan
Hot Shots Golf,PS,Sports,1997.0,Sony Computer Entertainment,28,213,nan,nan,nan,nan,nan
Persona 2: Eternal Punishment,PS,Role-Playing,2000.0,Atlus,3,28,83.0,11.0,Atlus Co.,8.4,25.0
Beyond The Beyond,PS,Role-Playing,1995.0,Sony Computer Entertainment,11,35,nan,nan,nan,nan,nan
Legend of Mana,PS,Role-Playing,1999.0,SquareSoft,18,73,nan,nan,nan,nan,nan
Monster Rancher,PS,Simulation,1997.0,Tecmo Koei,12,74,86.0,5.0,Tecmo,8.3,10.0
Bomberman World,PS,Puzzle,1998.0,Sony Computer Entertainment,6,22,nan,nan,nan,nan,nan
Front Mission 3,PS,Strategy,1999.0,SquareSoft,10,31,nan,nan,nan,nan,nan
Mega Man X5,PS,Platform,2000.0,Capcom,30,20,76.0,10.0,Capcom,8.9,55.0
Space Griffon VF-9,PS,Role-Playing,1995.0,Panther Software,2,12,nan,nan,nan,nan,nan
Gran Turismo 2,PS,Racing,1999.0,Sony Computer Entertainment,388,169,93.0,23.0,Polyphony Digital,9,135.0
Devil Dice,PS,Puzzle,1998.0,THQ,5,110,nan,nan,nan,nan,nan
Um Jammer Lammy,PS,Misc,1998.0,Sony Computer Entertainment,12,41,nan,nan,nan,nan,nan
Lunar: Silver Star Story Complete,PS,Role-Playing,1998.0,Kadokawa Shoten,27,6,78.0,15.0,Game Arts,9.1,35.0
Mega Man Legends 2,PS,Adventure,2000.0,Capcom,17,10,76.0,10.0,Capcom,8.8,29.0
Ace Combat 3: Electrosphere,PS,Simulation,1999.0,Sony Computer Entertainment,22,40,nan,nan,nan,nan,nan
Cool Boarders 2,PS,Sports,1997.0,UEP Systems,152,20,nan,nan,nan,nan,nan
Namco Museum Vol.2,PS,Misc,1996.0,Sony Computer Entertainment,3,21,nan,nan,nan,nan,nan
The Legend of Dragoon,PS,Role-Playing,1999.0,Sony Computer Entertainment,94,39,74.0,12.0,SCEI,8.4,248.0
Jumping Flash!,PS,Platform,1995.0,Sony Computer Entertainment,5,21,nan,nan,nan,nan,nan
Crash Bandicoot 3: Warped,PS,Platform,1998.0,Sony Computer Entertainment,368,142,91.0,12.0,Naughty Dog,8.9,432.0
Parasite Eve,PS,Role-Playing,1998.0,SquareSoft,94,105,81.0,17.0,SquareSoft,8.9,89.0
Dragon Quest VII: Warriors of Eden,PS,Role-Playing,2000.0,Enix Corporation,20,409,nan,nan,nan,nan,nan
Spyro 2: Ripto's Rage!,PS,Platform,1999.0,Sony Computer Entertainment,214,1,nan,nan,nan,nan,nan
Rage Racer,PS,Racing,1996.0,Sony Computer Entertainment,16,83,nan,nan,nan,nan,nan
Armored Core,PS,Simulation,1997.0,Sony Computer Entertainment,13,16,nan,nan,nan,nan,nan
Battle Arena Toshinden,PS,Fighting,1994.0,Sony Computer Entertainment,39,53,69.0,4.0,Tamsoft,6.3,4.0
Tokyo Highway Battle,PS,Racing,1996.0,Jaleco,6,21,nan,nan,nan,nan,nan
WWF SmackDown!,PS,Fighting,2000.0,THQ,200,6,nan,nan,nan,nan,nan
Valkyrie Profile,PS,Role-Playing,1999.0,Enix Corporation,7,63,81.0,8.0,Tri-Ace,8.8,37.0
Air Combat,PS,Simulation,1995.0,Sony Computer Entertainment,92,52,nan,nan,nan,nan,nan
Intelligent Qube,PS,Puzzle,1997.0,Sony Computer Entertainment,13,100,nan,nan,nan,nan,nan
Namco Museum Vol.1,PS,Misc,1995.0,Sony Computer Entertainment,212,22,nan,nan,nan,nan,nan
Echo Night,PS,Adventure,1998.0,From Software,3,7,nan,nan,nan,nan,nan
Monster Rancher 2,PS,Simulation,1998.0,Sony Computer Entertainment,19,66,83.0,6.0,Tecmo,nan,nan
Cool Boarders,PS,Sports,1996.0,Sony Computer Entertainment,10,24,nan,nan,nan,nan,nan
WCW/NWO Thunder,PS,Fighting,1998.0,THQ,110,4,nan,nan,nan,nan,nan
Fighter Maker,PS,Fighting,1998.0,Agetec,5,7,nan,nan,nan,nan,nan
X-Men vs. Street Fighter,PS,Fighting,1997.0,Capcom,16,12,nan,nan,nan,nan,nan
Mega Man Legends,PS,Adventure,1997.0,Capcom,39,12,nan,nan,nan,nan,nan
Epidemic,PS,Shooter,1995.0,Sony Computer Entertainment,2,10,nan,nan,nan,nan,nan
Bust A Groove,PS,Misc,1998.0,Sony Computer Entertainment,9,35,nan,nan,nan,nan,nan
WWF SmackDown! 2: Know Your Role,PS,Fighting,2000.0,THQ,176,7,nan,nan,nan,nan,nan
A-Train,PS,Simulation,1995.0,Sony Computer Entertainment,2,4,nan,nan,nan,nan,nan
Jumping Flash! 2,PS,Platform,1996.0,Sony Computer Entertainment,5,15,nan,nan,nan,nan,nan
Omega Boost,PS,Shooter,1999.0,Sony Computer Entertainment,17,20,nan,nan,nan,nan,nan
Dino Crisis,PS,Action,1998.0,Capcom,81,70,nan,nan,nan,nan,nan
Final Fantasy VIII,PS,Role-Playing,1999.0,SquareSoft,227,363,90.0,24.0,SquareSoft,8.6,644.0
Driver 2,PS,Action,2000.0,Atari,236,2,62.0,14.0,Reflections Interactive,7.7,92.0
SaGa Frontier 2,PS,Role-Playing,1999.0,SquareSoft,10,71,nan,nan,nan,nan,nan
Gran Turismo,PS,Racing,1997.0,Sony Computer Entertainment,401,254,96.0,16.0,Polyphony Digital,8.7,138.0
Romance of the Three Kingdoms IV: Wall of Fire,PS,Strategy,1995.0,Tecmo Koei,5,4,nan,nan,nan,nan,nan
Syphon Filter 2,PS,Shooter,2000.0,Sony Computer Entertainment,150,2,nan,nan,nan,nan,nan
Ape Escape,PS,Platform,1999.0,Sony Computer Entertainment,71,32,90.0,19.0,SCEI,8.8,53.0
Rival Schools: United By Fate,PS,Fighting,1998.0,Capcom,12,28,nan,nan,nan,nan,nan
Shadow Tower,PS,Role-Playing,1998.0,From Software,1,7,nan,nan,nan,nan,nan
World of Dragon Warrior - Torneko: The Last Hope,PS,Role-Playing,1999.0,Enix Corporation,2,57,nan,nan,nan,nan,nan
Chrono Cross,PS,Role-Playing,1999.0,SquareSoft,62,69,94.0,16.0,SquareSoft,8.1,297.0
Tobal No.1,PS,Fighting,1996.0,Sony Computer Entertainment,12,66,nan,nan,nan,nan,nan
Armored Core: Project Phantasma,PS,Simulation,1997.0,From Software,6,15,nan,nan,nan,nan,nan
Hot Shots Golf 2,PS,Sports,1999.0,Sony Computer Entertainment,25,148,nan,nan,nan,nan,nan
Final Fantasy IX,PS,Role-Playing,2000.0,SquareSoft,162,278,94.0,22.0,SquareSoft,8.9,779.0
Kileak: The DNA Imperative,PS,Shooter,1994.0,Sony Computer Entertainment,8,21,nan,nan,nan,nan,nan
Xevious 3D/G+,PS,Shooter,1997.0,Sony Computer Entertainment,1,11,nan,nan,nan,nan,nan
Wild ARMs 2,PS,Role-Playing,1999.0,Sony Computer Entertainment,19,31,nan,nan,nan,nan,nan
Star Wars Episode I: The Phantom Menace,PS,Adventure,1999.0,LucasArts,72,4,nan,nan,nan,nan,nan
Gallop Racer (JP),PS,Sports,1996.0,Tecmo Koei,4,16,nan,nan,nan,nan,nan
Tekken 3,PS,Fighting,1998.0,Sony Computer Entertainment,327,140,96.0,15.0,Namco,9.1,367.0
Vagrant Story,PS,Role-Playing,2000.0,Crave Entertainment,30,30,92.0,19.0,SquareSoft,8.3,129.0
Jet Moto,PS,Racing,1996.0,Sony Computer Entertainment,133,3,nan,nan,nan,nan,nan
Crash Bandicoot,PS,Platform,1996.0,Sony Computer Entertainment,323,94,nan,nan,nan,nan,nan
Bushido Blade 2,PS,Fighting,1998.0,SquareSoft,25,22,nan,nan,nan,nan,nan
Dragonseeds,PS,Action,1998.0,Jaleco,3,4,nan,nan,nan,nan,nan
Tekken 2,PS,Fighting,1996.0,Sony Computer Entertainment,225,136,89.0,8.0,Namco,8.9,102.0
Armored Core: Master of Arena,PS,Simulation,1999.0,From Software,7,13,nan,nan,nan,nan,nan
Ogre Battle Saga Episode Five: The March of the Black Queen,PS,Role-Playing,1996.0,ArtDink,6,9,nan,nan,nan,nan,nan
Crash Bash,PS,Misc,2000.0,Sony Computer Entertainment,156,19,68.0,12.0,Eurocom Entertainment Software,8.2,99.0
Soul Edge,PS,Fighting,1996.0,Sony Computer Entertainment,61,46,nan,nan,nan,nan,nan
Mega Man X6,PS,Action,2001.0,Capcom,14,16,65.0,14.0,Capcom,6.8,44.0
Bust A Groove 2,PS,Misc,1999.0,Enix Corporation,4,18,66.0,8.0,Metro,8.9,35.0
Namco Museum Vol.5,PS,Misc,1996.0,Sony Computer Entertainment,2,12,nan,nan,nan,nan,nan
Mortal Kombat 3,PS,Fighting,1995.0,Sony Computer Entertainment,28,2,nan,nan,nan,nan,nan
Star Ocean: The Second Story,PS,Role-Playing,1998.0,Sony Computer Entertainment,26,72,80.0,13.0,Tri-Ace,8.5,44.0
Crash Team Racing,PS,Racing,1999.0,Sony Computer Entertainment,257,44,88.0,20.0,Naughty Dog,9,233.0
Breath of Fire IV,PS,Role-Playing,2000.0,Capcom,11,34,83.0,10.0,Capcom,8.9,45.0
Carnage Heart,PS,Strategy,1995.0,Sony Computer Entertainment,1,9,nan,nan,nan,nan,nan
Xenogears,PS,Role-Playing,1998.0,SquareSoft,28,89,84.0,15.0,SquareSoft,8.4,204.0
Cool Boarders 3,PS,Sports,1998.0,989 Studios,165,10,nan,nan,nan,nan,nan
Point Blank,PS,Shooter,1997.0,Sony Computer Entertainment,5,23,nan,nan,nan,nan,nan
Namco Museum Vol.3,PS,Misc,1996.0,Sony Computer Entertainment,227,16,nan,nan,nan,nan,nan
Chocobo Racing,PS,Racing,1999.0,SquareSoft,7,30,nan,nan,nan,nan,nan
WCW vs the World,PS,Fighting,1998.0,THQ,117,4,nan,nan,nan,nan,nan
Chocobo's Dungeon 2,PS,Role-Playing,1998.0,SquareSoft,4,57,nan,nan,nan,nan,nan
Way of the Samurai 2,PS2,Action,2003.0,Capcom,5,23,59.0,32.0,Acquire,9,24.0
Dynasty Warriors 5: Xtreme Legends,PS2,Action,2005.0,Tecmo Koei,11,35,57.0,22.0,Omega Force,9.1,26.0
WWE SmackDown vs. RAW 2007,PS2,Fighting,2006.0,THQ,140,3,80.0,27.0,Yuke's,8.6,57.0
Bully,PS2,Action,2006.0,Take-Two Interactive,75,4,87.0,69.0,Rockstar Vancouver,9.1,293.0
Monster Rancher EVO,PS2,Role-Playing,2005.0,Tecmo Koei,2,5,58.0,16.0,Tecmo,6.8,8.0
Yakuza 2,PS2,Adventure,2006.0,Sega,5,84,77.0,34.0,Amusement Vision,8.1,52.0
Disgaea 2: Cursed Memories,PS2,Role-Playing,2006.0,Tecmo Koei,9,15,84.0,54.0,Nippon Ichi Software,6.4,42.0
WWE SmackDown! Here Comes the Pain,PS2,Fighting,2003.0,THQ,132,4,nan,nan,nan,nan,nan
Phantasy Star Universe: Ambition of the Illuminus,PS2,Role-Playing,2007.0,Sega,10,5,nan,nan,Sonic Team,8.4,8.0
GrimGrimoire,PS2,Strategy,2007.0,Tecmo Koei,1,3,79.0,39.0,Vanilla Ware,7.9,17.0
Enter the Matrix,PS2,Action,2003.0,Atari,178,9,62.0,30.0,Shiny Entertainment,8.1,137.0
Resident Evil: Outbreak,PS2,Action,2003.0,Capcom,54,46,71.0,40.0,Capcom,8.3,94.0
Star Wars: The Force Unleashed,PS2,Action,2008.0,LucasArts,49,1,68.0,7.0,Krome Studios,7.4,33.0
WWE SmackDown! vs. Raw,PS2,Fighting,2002.0,THQ,132,4,nan,nan,nan,nan,nan
OutRun 2006: Coast 2 Coast,PS2,Racing,2006.0,Sega,2,1,81.0,42.0,Sumo Digital,8.8,17.0
Dirge of Cerberus: Final Fantasy VII,PS2,Shooter,2006.0,Square Enix,47,52,57.0,51.0,Square Enix,6.9,103.0
Parfait: Chocolat Second Style,PS2,Adventure,2006.0,Alchemist,59,1,nan,nan,nan,nan,nan
Dragon Ball Z: Budokai Tenkaichi,PS2,Fighting,2005.0,Atari,96,54,72.0,29.0,Spike,8.4,71.0
Rogue Galaxy,PS2,Role-Playing,2005.0,Sony Computer Entertainment,24,39,83.0,59.0,Level 5,8.4,89.0
Final Fantasy XII,PS2,Role-Playing,2006.0,Square Enix,188,233,92.0,64.0,Square Enix,7.6,972.0
Dragon Ball Z: Budokai 2,PS2,Fighting,2003.0,Atari,163,51,66.0,28.0,Dimps Corporation,8.2,92.0
NBA 2K2,PS2,Sports,2002.0,Sega,59,1,89.0,19.0,Visual Concepts,7.8,16.0
Dark Cloud 2,PS2,Role-Playing,2002.0,Sony Computer Entertainment,38,26,87.0,41.0,Level 5,9.1,174.0
Kingdom Hearts II,PS2,Role-Playing,2005.0,Square Enix,220,138,87.0,64.0,Square Enix,9,766.0
Grand Theft Auto: Liberty City Stories,PS2,Action,2006.0,Take-Two Interactive,156,7,78.0,49.0,Rockstar Leeds,7.8,112.0
WWE SmackDown! Shut Your Mouth,PS2,Sports,2002.0,THQ,145,7,nan,nan,nan,nan,nan
Warriors Orochi,PS2,Action,2007.0,Tecmo Koei,11,64,55.0,14.0,Omega Force,8.2,16.0
SOCOM 3: U.S. Navy SEALs,PS2,Shooter,2005.0,Sony Computer Entertainment,122,4,82.0,59.0,Zipper Interactive,8.8,64.0
Yakuza,PS2,Action,2005.0,Sega,3,74,75.0,58.0,Amusement Vision,8.2,73.0
Hot Shots Tennis,PS2,Sports,2006.0,Sony Computer Entertainment,17,55,70.0,44.0,Clap Hanz,8.1,8.0
Tokyo Xtreme Racer 3,PS2,Racing,2003.0,Genki,35,21,63.0,15.0,Genki,8.9,23.0
Radiata Stories,PS2,Role-Playing,2005.0,Square Enix,18,28,74.0,36.0,Tri-Ace,9,54.0
Dynasty Warriors 4,PS2,Action,2003.0,Tecmo Koei,63,112,78.0,24.0,Omega Force,9.3,201.0
Samurai Warriors: Xtreme Legends,PS2,Action,2004.0,Tecmo Koei,4,36,72.0,17.0,Omega Force,8.6,13.0
Armored Core: Nexus,PS2,Simulation,2004.0,Indie Games,6,14,73.0,19.0,From Software,8.7,7.0
Armored Core: Silent Line,PS2,Simulation,2003.0,Agetec,7,16,nan,nan,nan,nan,nan
Devil May Cry 2,PS2,Action,2003.0,Capcom,71,51,68.0,40.0,Capcom,6.6,167.0
Final Fantasy X,PS2,Role-Playing,2001.0,Sony Computer Entertainment,291,273,92.0,53.0,SquareSoft,8.7,1056.0
Super Dragon Ball Z,PS2,Fighting,2006.0,Atari,9,19,72.0,31.0,Crafts & Meister,5.8,21.0
Gran Turismo 3: A-Spec,PS2,Racing,2001.0,Sony Computer Entertainment,685,187,95.0,54.0,Polyphony Digital,8.4,314.0
Gallop Racer 2001,PS2,Sports,2001.0,Tecmo Koei,5,6,71.0,11.0,Tecmo,9.1,56.0
Ace Combat 04: Shattered Skies,PS2,Simulation,2001.0,Sony Computer Entertainment Europe,206,38,89.0,22.0,Namco,9.1,95.0
Klonoa 2: Lunatea's Veil,PS2,Platform,2001.0,Sony Computer Entertainment,12,8,91.0,18.0,Namco,9.1,72.0
Dynasty Warriors 3: Xtreme Legends,PS2,Action,2002.0,Tecmo Koei,13,74,72.0,16.0,Omega Force,9.3,54.0
Devil May Cry 3: Dante's Awakening,PS2,Action,2005.0,Capcom,99,28,84.0,60.0,Capcom,9,212.0
Mega Man X7,PS2,Action,2003.0,Capcom,22,14,58.0,30.0,"Valuewave Co.,Ltd.",5.1,38.0
Star Wars Episode III: Revenge of the Sith,PS2,Action,2005.0,LucasArts,147,3,60.0,34.0,Double Helix Games,7.2,82.0
Dino Stalker,PS2,Shooter,2002.0,Capcom,7,8,50.0,18.0,Capcom,6.3,8.0
Final Fantasy XI: Vana'diel Collection 2008,PS2,Role-Playing,2007.0,Square Enix,3,1,nan,nan,Square Enix,tbd,nan
Devil Kings,PS2,Action,2005.0,Capcom,3,18,64.0,27.0,Capcom,7.4,12.0
Clock Tower 3,PS2,Adventure,2002.0,Capcom,10,12,69.0,28.0,SunSoft,7.6,38.0
Test Drive,PS2,Racing,2002.0,Atari,95,1,73.0,19.0,Pitbull Syndicate,7.4,23.0
The Getaway: Black Monday,PS2,Action,2004.0,Sony Computer Entertainment,39,2,57.0,53.0,SCEE London Studio,7.6,47.0
Ratchet & Clank: Up Your Arsenal,PS2,Platform,2004.0,Sony Computer Entertainment,131,31,nan,nan,nan,nan,nan
Gallop Racer 2006,PS2,Sports,2005.0,Tecmo Koei,2,6,69.0,15.0,Tecmo,8.3,8.0
Marvel vs. Capcom 2: New Age of Heroes,PS2,Fighting,2002.0,Capcom,31,13,nan,nan,nan,nan,nan
Samurai Warriors 2,PS2,Action,2006.0,Tecmo Koei,2,56,58.0,26.0,Omega Force,8.8,13.0
Grand Theft Auto: San Andreas,PS2,Action,2004.0,Take-Two Interactive,943,41,95.0,80.0,Rockstar North,9,1588.0
Grandia Xtreme,PS2,Role-Playing,2002.0,Enix Corporation,7,25,68.0,16.0,Game Arts,6.5,15.0
Dynasty Warriors 2,PS2,Action,2000.0,THQ,24,34,75.0,17.0,Omega Force,8.8,24.0
The Getaway,PS2,Action,2002.0,Sony Computer Entertainment,123,5,72.0,49.0,Team Soho,6.8,88.0
Final Fantasy XI: Wings of the Goddess,PS2,Role-Playing,2007.0,Square Enix,35,9,nan,nan,Square Enix,tbd,nan
.hack//Mutation Part 2,PS2,Role-Playing,2002.0,Atari,23,20,76.0,24.0,CyberConnect2,8.9,81.0
The King of Fighters 2006,PS2,Fighting,2006.0,Ignition Entertainment,1,5,66.0,23.0,SNK Playmore,8.6,17.0
Tourist Trophy: The Real Riding Simulator,PS2,Racing,2006.0,Sony Computer Entertainment,28,11,nan,nan,nan,nan,nan
Shinobi,PS2,Platform,2002.0,Sony Computer Entertainment,36,22,71.0,33.0,Overworks,7.9,43.0
Romance of the Three Kingdoms VII,PS2,Strategy,2000.0,Tecmo Koei,8,16,72.0,10.0,Koei,8.7,11.0
Ace Combat 5: The Unsung War,PS2,Simulation,2004.0,Sony Computer Entertainment Europe,88,32,84.0,57.0,Namco,9.1,81.0
Shin Megami Tensei: Persona 4,PS2,Role-Playing,2008.0,Atlus,34,36,90.0,47.0,Atlus Co.,8.9,634.0
Ape Escape 2,PS2,Platform,2002.0,Sony Computer Entertainment,12,38,82.0,31.0,SCE Japan Studio,8.4,32.0
Shadow of the Colossus,PS2,Action,2005.0,Sony Computer Entertainment,78,20,91.0,77.0,SCE Japan Studio,9.1,933.0
Marvel vs. Capcom Origins,PS2,Fighting,2006.0,Capcom,11,2,nan,nan,nan,nan,nan
Dead or Alive 2,PS2,Fighting,2000.0,Tecmo Koei,30,38,nan,nan,nan,nan,nan
Kessen II,PS2,Strategy,2001.0,THQ,13,20,71.0,15.0,Koei,8.3,22.0
Extermination,PS2,Action,2001.0,Sony Computer Entertainment,21,12,67.0,19.0,Deep Space,7.8,19.0
Tokyo Xtreme Racer Zero,PS2,Racing,2000.0,Crave Entertainment,66,15,76.0,15.0,Genki,8.9,64.0
.hack//Outbreak Part 3,PS2,Role-Playing,2002.0,Atari,14,17,70.0,23.0,CyberConnect2,8.7,19.0
Dragon Ball Z: Budokai Tenkaichi 3,PS2,Fighting,2007.0,Atari,114,76,73.0,24.0,"Spike, Namco Bandai Games",9.2,173.0
Grand Theft Auto: Vice City Stories,PS2,Action,2007.0,Take-Two Interactive,78,3,75.0,37.0,Rockstar Leeds,7.9,67.0
Monster Rancher 4,PS2,Simulation,2003.0,Tecmo Koei,8,19,77.0,21.0,Tecmo,9.1,18.0
Romance of the Three Kingdoms VIII,PS2,Strategy,2002.0,Tecmo Koei,5,19,77.0,14.0,Koei,8.9,17.0
Kingdom Hearts,PS2,Role-Playing,2002.0,Sony Computer Entertainment,364,149,85.0,46.0,SquareSoft,8.8,597.0
Gran Turismo 4,PS2,Racing,2004.0,Sony Computer Entertainment,301,110,89.0,74.0,Polyphony Digital,8.5,272.0
Devil May Cry,PS2,Action,2001.0,Capcom,136,64,94.0,37.0,Capcom,8.5,466.0
Final Fantasy XI: Treasures of Aht Urhgan,PS2,Role-Playing,2006.0,Square Enix,6,10,87.0,4.0,Square Enix,7.1,13.0
WWE SmackDown! vs. RAW 2006,PS2,Fighting,2005.0,THQ,145,4,nan,nan,nan,nan,nan
Grand Theft Auto III,PS2,Action,2001.0,Take-Two Interactive,699,30,97.0,56.0,DMA Design,8.5,664.0
Star Wars: Battlefront,PS2,Shooter,2004.0,LucasArts,193,3,82.0,36.0,Pandemic Studios,8.7,142.0
Dragon Quest VIII: Journey of the Cursed King,PS2,Role-Playing,2004.0,Square Enix,65,361,89.0,63.0,Level 5,8.8,245.0
Valkyrie Profile 2: Silmeria,PS2,Role-Playing,2006.0,Square Enix,4,39,84.0,45.0,Tri-Ace,9,59.0
Dynasty Warriors 5,PS2,Action,2005.0,Tecmo Koei,24,91,69.0,29.0,Omega Force,8.8,68.0
Tsugunai: Atonement,PS2,Role-Playing,2001.0,Sony Computer Entertainment,2,2,67.0,13.0,Cattle Call,tbd,nan
Dynasty Warriors 3,PS2,Action,2001.0,THQ,53,107,78.0,17.0,Omega Force,9.1,90.0
Hot Shots Golf 3,PS2,Sports,2001.0,Sony Computer Entertainment,99,138,85.0,30.0,Clap Hanz,8.9,16.0
Dynasty Warriors 5 Empires,PS2,Action,2006.0,Tecmo Koei,11,12,62.0,23.0,Omega Force,9.1,24.0
Shin Megami Tensei: Persona 3 FES,PS2,Role-Playing,2007.0,Tecmo Koei,22,16,89.0,25.0,Atlus Co.,8.3,296.0
Lupin the 3rd: Treasure of the Sorcerer King,PS2,Adventure,2002.0,505 Games,2,25,67.0,16.0,Banpresto,tbd,nan
Driver: Parallel Lines,PS2,Racing,2006.0,Atari,12,3,69.0,41.0,Reflections Interactive,6.9,74.0
Odin Sphere,PS2,Role-Playing,2007.0,Square Enix,23,9,83.0,49.0,Vanilla Ware,8.6,59.0
Forever Kingdom,PS2,Role-Playing,2001.0,From Software,2,4,64.0,13.0,From Software,7.8,6.0
BlazBlue: Chrono Phantasma,PS3,Fighting,2013.0,Arc System Works,14,14,83.0,16.0,Arc System Works,8.3,64.0
Split/Second,PS3,Racing,2010.0,Disney Interactive Studios,31,1,nan,nan,nan,nan,nan
Armored Core 4,PS3,Simulation,2006.0,505 Games,9,9,65.0,36.0,From Software,6.8,25.0
Resistance 2,PS3,Shooter,2008.0,Sony Computer Entertainment,114,10,87.0,79.0,Insomniac Games,6.1,1889.0
Cross Edge,PS3,Role-Playing,2008.0,Nippon Ichi Software,14,5,52.0,32.0,Compile Heart,7.2,82.0
Ninja Gaiden 3,PS3,Action,2012.0,Tecmo Koei,19,11,58.0,43.0,Team Ninja,5,152.0
XBLAZE Code: Embryo,PS3,Adventure,2013.0,Arc System Works,2,1,nan,nan,Arc System Works,7.1,14.0
WWE SmackDown vs. Raw 2010,PS3,Fighting,2009.0,THQ,48,1,81.0,38.0,Yuke's,8.1,55.0
The Legend of Heroes: Trails of Cold Steel,PS3,Role-Playing,2013.0,Nippon Ichi Software,5,12,86.0,12.0,Falcom,7.7,128.0
God of War: Origins Collection,PS3,Action,2011.0,Sony Computer Entertainment,39,2,84.0,58.0,Ready at Dawn,8.4,208.0
Uncharted 3: Drake's Deception,PS3,Action,2011.0,Sony Computer Entertainment,277,19,92.0,97.0,Naughty Dog,8.3,3712.0
The King of Fighters XII,PS3,Fighting,2009.0,Ignition Entertainment,11,3,57.0,48.0,SNK Playmore,5.3,46.0
Dynasty Warriors 8,PS3,Action,2013.0,Tecmo Koei,12,34,68.0,26.0,Omega Force,8.5,75.0
Sonic Generations,PS3,Platform,2011.0,Sega,60,2,76.0,38.0,Sega,8.2,253.0
Midnight Club: Los Angeles,PS3,Racing,2008.0,Take-Two Interactive,156,5,82.0,50.0,Rockstar San Diego,8.2,100.0
Darksiders II,PS3,Action,2012.0,THQ,35,1,84.0,39.0,Vigil Games,7.1,422.0
Sports Champions,PS3,Sports,2010.0,Sony Computer Entertainment,213,10,76.0,64.0,"SCEA, Zindagi Games",7.9,104.0
Sleeping Dogs,PS3,Action,2012.0,Square Enix,31,5,83.0,40.0,United Front Games,7.7,645.0
Street Fighter X Tekken,PS3,Fighting,2012.0,Capcom,42,10,84.0,51.0,Capcom,5.3,191.0
White Knight Chronicles: International Edition,PS3,Role-Playing,2008.0,Sony Computer Entertainment,33,36,64.0,77.0,Level 5,7.5,213.0
Beijing 2008,PS3,Sports,2008.0,Sega,14,1,nan,nan,nan,nan,nan
Dead Rising 2: Off the Record,PS3,Action,2011.0,Capcom,11,10,72.0,31.0,Capcom Vancouver,7.1,35.0
Dynasty Warriors 7,PS3,Action,2011.0,Tecmo Koei,25,46,57.0,25.0,Omega Force,7.4,57.0
Virtua Tennis 3,PS3,Sports,2007.0,Sega,23,3,80.0,35.0,Sega AM3,7.9,32.0
Dungeon Siege III,PS3,Role-Playing,2011.0,Square Enix,17,3,71.0,52.0,Obsidian Entertainment,6.3,86.0
Way of the Samurai 3,PS3,Action,2008.0,Gamebridge,18,22,58.0,18.0,Acquire,7.9,22.0
Hitman: Absolution,PS3,Action,2012.0,Square Enix,59,7,83.0,30.0,Io Interactive,7.5,511.0
WWE SmackDown vs. Raw 2009,PS3,Fighting,2008.0,THQ,51,1,78.0,37.0,Yuke's,7,49.0
Batman: Arkham Origins,PS3,Action,2013.0,Warner Bros. Interactive Entertainment,107,4,76.0,46.0,WB Games Montreal,7.7,668.0
Kung Fu Rider,PS3,Action,2010.0,Sony Computer Entertainment,6,1,36.0,45.0,SCE Japan Studio,3.7,21.0
Under Night In-Birth,PS3,Fighting,2014.0,Nippon Ichi Software,6,4,nan,nan,nan,nan,nan
Resident Evil: Revelations 2,PS3,Action,2015.0,Capcom,6,16,nan,nan,Capcom,6.8,48.0
UFC 2009 Undisputed,PS3,Fighting,2009.0,THQ,107,1,84.0,58.0,THQ,8.1,47.0
LittleBigPlanet 2,PS3,Platform,2011.0,Sony Computer Entertainment,183,6,91.0,86.0,Media Molecule,8.4,657.0
Binary Domain,PS3,Action,2012.0,Sega,9,14,72.0,33.0,Sega,8.2,179.0
Atelier Escha & Logy: Alchemists of the Dusk Sky,PS3,Role-Playing,2013.0,Tecmo Koei,6,10,nan,nan,nan,nan,nan
God of War III,PS3,Action,2010.0,Sony Computer Entertainment,274,12,92.0,101.0,SCE Santa Monica,8.7,2633.0
Test Drive Unlimited 2,PS3,Racing,nan,Atari,16,1,70.0,43.0,Eden,6.1,44.0
Lollipop Chainsaw,PS3,Action,2012.0,Warner Bros. Interactive Entertainment,27,11,67.0,37.0,Grasshopper Manufacture,7.1,199.0
Portal 2,PS3,Shooter,2011.0,Valve,83,2,95.0,54.0,Valve Software,8.4,937.0
Eternal Sonata,PS3,Role-Playing,2008.0,Atari,19,7,80.0,34.0,Tri-Crescendo,7.8,117.0
Juiced 2: Hot Import Nights,PS3,Racing,2007.0,THQ,18,1,71.0,10.0,Juice Games,6.4,5.0
Kingdom Hearts,PS3,Role-Playing,2013.0,Square Enix,90,25,nan,nan,nan,nan,nan
Resident Evil: Revelations,PS3,Action,2013.0,Capcom,14,22,74.0,30.0,Capcom,7.2,204.0
WWE '12,PS3,Fighting,2011.0,THQ,53,2,72.0,28.0,Yuke's,6.9,80.0
Guilty Gear Xrd: Sign,PS3,Fighting,2014.0,Arc System Works,10,7,nan,nan,nan,nan,nan
Dragon's Dogma,PS3,Role-Playing,2012.0,Capcom,41,72,78.0,38.0,Capcom,8.3,444.0
Borderlands 2,PS3,Shooter,2012.0,Take-Two Interactive,105,10,91.0,25.0,Gearbox Software,8.2,858.0
Thief (2014),PS3,Action,2014.0,Square Enix,10,2,nan,nan,nan,nan,nan
Marvel vs. Capcom 3: Fate of Two Worlds,PS3,Fighting,2011.0,Capcom,81,11,84.0,56.0,Capcom,7.3,147.0
Sonic & All-Stars Racing Transformed,PS3,Racing,2012.0,Sega,8,1,nan,nan,nan,nan,nan
Rage,PS3,Shooter,2011.0,Bethesda Softworks,47,6,81.0,37.0,id Software,6.2,353.0
NBA 2K10,PS3,Sports,2009.0,Take-Two Interactive,75,1,83.0,30.0,Visual Concepts,7.8,39.0
Bladestorm: The Hundred Years' War,PS3,Action,2007.0,Tecmo Koei,10,14,58.0,23.0,Omega Force,7.9,28.0
Hakuoki: Stories of the Shinsengumi,PS3,Adventure,2010.0,Idea Factory,3,3,nan,nan,Design Factory,6.5,10.0
UFC Undisputed 2010,PS3,Fighting,2010.0,THQ,80,2,85.0,54.0,Yuke's,7.2,48.0
LittleBigPlanet,PS3,Platform,2008.0,Sony Computer Entertainment,280,17,95.0,85.0,"SCE/WWS, Media Molecule",6.8,5311.0
The Elder Scrolls V: Skyrim,PS3,Role-Playing,2011.0,Bethesda Softworks,254,25,92.0,16.0,Bethesda Game Studios,6.4,2527.0
Homefront,PS3,Shooter,2011.0,THQ,32,4,70.0,60.0,Kaos Studios,5.7,174.0
Yakuza 3,PS3,Action,2009.0,Sega,21,62,79.0,77.0,Ryu ga Gotoku Studios,8.1,165.0
Dynasty Warriors: Gundam 3,PS3,Action,2010.0,Tecmo Koei,11,36,58.0,18.0,"Omega Force, Koei Tecmo Games",7.5,20.0
Disgaea 3: Absence of Justice,PS3,Role-Playing,2008.0,Square Enix,33,11,78.0,51.0,Nippon Ichi Software,7.5,150.0
Warriors: Legends of Troy,PS3,Action,2011.0,Tecmo Koei,6,7,44.0,22.0,Tecmo Koei Canada,7,24.0
UFC Undisputed 3,PS3,Action,2012.0,THQ,55,3,86.0,30.0,Yuke's,7.4,92.0
EyePet,PS3,Simulation,2009.0,Sony Computer Entertainment,35,4,70.0,35.0,SCEE London Studio,8.2,20.0
Genji: Days of the Blade,PS3,Action,2006.0,Sony Computer Entertainment,18,6,55.0,46.0,Game Republic,5.8,30.0
Dragon's Crown,PS3,Role-Playing,2013.0,Nippon Ichi Software,25,17,82.0,62.0,Vanillaware,8.3,288.0
MotorStorm,PS3,Racing,2006.0,Sony Computer Entertainment,153,6,84.0,9.0,Evolution Studios,7.4,220.0
Ratchet & Clank Collection,PS3,Action,2012.0,Sony Computer Entertainment,47,2,nan,nan,nan,nan,nan
Dark Sector,PS3,Shooter,2008.0,D3Publisher,23,1,72.0,47.0,Digital Extremes,7.6,70.0
The Last of Us,PS3,Action,2013.0,Sony Computer Entertainment Europe,241,28,95.0,98.0,Naughty Dog,9.1,8003.0
Ar Nosurge: Ode to an Unborn Star,PS3,Role-Playing,2014.0,Tecmo Koei,5,6,67.0,23.0,Gust,7.8,49.0
The Witch and the Hundred Knight,PS3,Role-Playing,2013.0,Nippon Ichi Software,7,10,53.0,44.0,Nippon Ichi Software,7.5,80.0
El Shaddai: Ascension of the Metatron,PS3,Action,2011.0,Ignition Entertainment,11,8,78.0,46.0,Ignition Entertainment,7.5,40.0
L.A. Noire,PS3,Adventure,2011.0,Take-Two Interactive,127,12,89.0,78.0,Team Bondi,7.7,1010.0
Resident Evil 5,PS3,Action,2009.0,Capcom,196,108,84.0,76.0,Capcom,7.5,667.0
Turok,PS3,Action,2008.0,Touchstone,35,1,67.0,38.0,Propaganda Games,6,39.0
Brink,PS3,Shooter,2011.0,Bethesda Softworks,28,1,72.0,39.0,Splash Damage,5.8,168.0
NBA 2K11,PS3,Action,2010.0,Take-Two Interactive,141,3,89.0,46.0,Visual Concepts,7.6,105.0
Devil May Cry HD Collection,PS3,Action,2012.0,Capcom,42,11,74.0,27.0,"Capcom, Pipeworks Software, Inc.",8.8,158.0
Gran Turismo 5 Prologue,PS3,Racing,2007.0,Sony Computer Entertainment,128,56,80.0,67.0,Polyphony Digital,7.1,120.0
Dengeki Bunko Fighting Climax,PS3,Fighting,2014.0,Sega,5,9,66.0,13.0,"Sega, French-Bread",8.2,29.0
Dynasty Warriors 6,PS3,Action,2007.0,Tecmo Koei,18,41,59.0,31.0,"Koei, Omega Force",7.3,49.0
Lightning Returns: Final Fantasy XIII,PS3,Role-Playing,2013.0,Square Enix,31,45,66.0,62.0,Square Enix,5.9,552.0
Uncharted: Drake's Fortune,PS3,Action,2007.0,Sony Computer Entertainment,231,12,88.0,66.0,"Naughty Dog, SCE/WWS",8.1,2306.0
NBA 07,PS3,Sports,2006.0,Sony Computer Entertainment,24,1,63.0,24.0,SCEA,6.3,10.0
Persona 4: Arena,PS3,Fighting,2012.0,Atlus,30,24,86.0,47.0,Arc System Works,7.7,180.0
Resident Evil 6,PS3,Shooter,2012.0,Capcom,88,88,74.0,34.0,Capcom,5.4,1304.0
The LEGO Movie Videogame,PS3,Action,2014.0,Warner Bros. Interactive Entertainment,33,2,80.0,5.0,TT Games,6.8,12.0
Rune Factory: Tides of Destiny,PS3,Role-Playing,2011.0,Marvelous Interactive,14,7,55.0,12.0,Neverland,7.9,44.0
Beyond: Two Souls,PS3,Adventure,2013.0,Sony Computer Entertainment,52,6,70.0,98.0,Quantic Dream,8.1,2652.0
Wanted: Weapons of Fate,PS3,Shooter,2009.0,Warner Bros. Interactive Entertainment,14,1,61.0,56.0,GRIN,7.1,25.0
Bionic Commando,PS3,Platform,2009.0,Capcom,12,1,71.0,48.0,GRIN,7.4,62.0
LittleBigPlanet 3,PS3,Platform,2014.0,Sony Computer Entertainment,20,1,nan,nan,Sumo Digital,7.2,64.0
Disgaea D2: A Brighter Darkness,PS3,Role-Playing,2013.0,Nippon Ichi Software,9,10,74.0,37.0,Nippon Ichi Software,8.1,61.0
Red Faction: Armageddon,PS3,Shooter,2011.0,THQ,20,3,71.0,52.0,Volition Inc.,7.3,58.0
Lost Planet 2,PS3,Shooter,2010.0,Capcom,28,20,68.0,56.0,Capcom,6.9,62.0
Devil May Cry 4,PS3,Action,2008.0,Capcom,57,34,84.0,63.0,Capcom,8.2,311.0
God of War Collection,PS3,Action,2009.0,Sony Computer Entertainment,170,6,91.0,50.0,Bluepoint Games,8.7,529.0
Atelier Totori: The Adventurer of Arland,PS3,Role-Playing,2010.0,Nippon Ichi Software,12,21,74.0,19.0,Gust,6.7,109.0
Killzone: Shadow Fall,PS4,Shooter,2013.0,Sony Computer Entertainment,89,8,73.0,88.0,Guerrilla,6.8,2102.0
Minecraft,PS4,Misc,2014.0,Sony Computer Entertainment Europe,148,14,nan,nan,nan,nan,nan
Valkyria Chronicles,PS4,Role-Playing,2016.0,Sega,7,5,nan,nan,nan,nan,nan
The Elder Scrolls V: Skyrim,PS4,Role-Playing,2016.0,Bethesda Softworks,48,4,nan,nan,nan,nan,nan
Divinity: Original Sin,PS4,Role-Playing,2015.0,Focus Home Interactive,10,2,nan,nan,nan,nan,nan
Murdered: Soul Suspect,PS4,Action,2014.0,Square Enix,9,2,59.0,60.0,Airtight Games,6.9,310.0
Fallout 4,PS4,Role-Playing,2015.0,Bethesda Softworks,252,24,87.0,58.0,Bethesda Game Studios,6.5,4228.0
Dead Rising,PS4,Action,2016.0,Capcom,2,1,78.0,6.0,Capcom,6.6,30.0
BioShock The Collection,PS4,Shooter,2016.0,Take-Two Interactive,10,2,84.0,39.0,2K Games,8.5,210.0
Toukiden Kiwami,PS4,Action,2015.0,Tecmo Koei,5,2,74.0,35.0,Koei Tecmo Games,7.6,74.0
DriveClub,PS4,Racing,2014.0,Sony Computer Entertainment,36,2,71.0,85.0,Evolution Studios,6.1,1571.0
Guilty Gear Xrd: Sign,PS4,Fighting,2014.0,Arc System Works,10,4,nan,nan,nan,nan,nan
Tropico 5,PS4,Simulation,2015.0,Kalypso Media,6,6,76.0,17.0,Haemimont,7.1,110.0
Natural Doctrine,PS4,Role-Playing,2014.0,Nippon Ichi Software,5,2,53.0,31.0,Kadokawa,6,79.0
Grand Theft Auto V,PS4,Action,2014.0,Take-Two Interactive,396,38,97.0,66.0,Rockstar North,8.3,2899.0
Uncharted: The Nathan Drake Collection,PS4,Action,2015.0,Sony Computer Entertainment,206,8,86.0,78.0,Bluepoint Games,8.1,1264.0
Devil May Cry 4,PS4,Action,2015.0,Capcom,1,8,nan,nan,nan,nan,nan
The LEGO Movie Videogame,PS4,Action,2014.0,Warner Bros. Interactive Entertainment,24,1,71.0,31.0,TT Games,7.1,98.0
Dragon Quest Builders: Revive Alefgard,PS4,Role-Playing,2016.0,Square Enix,4,22,nan,nan,nan,nan,nan
Wolfenstein: The Old Blood,PS4,Action,2015.0,Bethesda Softworks,10,2,76.0,54.0,MachineGames,8,267.0
Arslan: The Warriors of Legend,PS4,Action,2015.0,Tecmo Koei,3,4,69.0,43.0,Omega Force,6.6,23.0
Dead Rising 2,PS4,Action,2016.0,Capcom,1,1,82.0,4.0,Blue Castle Games,6.6,8.0
Odin Sphere: Leifthrasir,PS4,Role-Playing,2016.0,Nippon Ichi Software,7,7,87.0,49.0,Vanillaware,8.2,178.0
Mad Max (2015),PS4,Action,2015.0,Warner Bros. Interactive Entertainment,36,4,nan,nan,nan,nan,nan
The Evil Within,PS4,Action,2014.0,Bethesda Softworks,55,11,75.0,65.0,Tango Gameworks,7.3,1223.0
Gravity Rush Remastered,PS4,Action,2015.0,Sony Computer Entertainment,2,4,80.0,62.0,Bluepoint Games,8.2,153.0
Lego Star Wars: The Force Awakens,PS4,Action,2016.0,Warner Bros. Interactive Entertainment,16,1,78.0,61.0,TT Games,7.5,91.0
Samurai Warriors 4: Empires,PS4,Action,2015.0,Tecmo Koei,2,6,71.0,29.0,Omega Force,6.5,15.0
The Walking Dead: Season One,PS4,Adventure,2014.0,Telltale Games,12,2,nan,nan,nan,nan,nan
World of Final Fantasy,PS4,Role-Playing,2016.0,Square Enix,8,8,77.0,74.0,Square Enix,8.3,222.0
Street Fighter V,PS4,Fighting,2016.0,Capcom,40,8,77.0,80.0,Capcom,3.4,1221.0
Uncharted 4: A Thief's End,PS4,Shooter,2016.0,Sony Computer Entertainment,185,19,93.0,113.0,Naughty Dog,7.9,7064.0
Romance of the Three Kingdoms 13,PS4,Action,2015.0,Tecmo Koei,2,5,nan,nan,nan,nan,nan
Battleborn,PS4,Shooter,2016.0,Take-Two Interactive,12,2,68.0,55.0,Gearbox Software,6.8,402.0
Final Fantasy XIV: A Realm Reborn,PS4,Role-Playing,2014.0,Square Enix,33,8,nan,nan,nan,nan,nan
Life is Strange,PS4,Adventure,2016.0,Square Enix,15,3,85.0,23.0,DONTNOD Entertainment,8.6,672.0
Nitroplus Blasterz: Heroines Infinite Duel,PS4,Fighting,2015.0,Marvelous Interactive,1,2,70.0,33.0,"Examu, Marvelous Inc.",6.9,28.0
Thief (2014),PS4,Action,2014.0,Square Enix,28,3,nan,nan,nan,nan,nan
Wolfenstein: The New Order,PS4,Shooter,2014.0,Bethesda Softworks,47,3,79.0,73.0,MachineGames,8.1,1116.0
inFAMOUS: Second Son,PS4,Action,2014.0,Sony Computer Entertainment,128,7,80.0,90.0,Sucker Punch,7.9,2944.0
Nobunaga's Ambition: Sphere of Influence - Sengoku Risshiden,PS4,Misc,2016.0,Tecmo Koei,1,5,nan,nan,nan,nan,nan
Mafia III,PS4,Action,2016.0,Take-Two Interactive,42,3,68.0,66.0,Hangar 13,5.1,1147.0
Ratchet & Clank (2016),PS4,Platform,2016.0,Sony Computer Entertainment,50,4,nan,nan,nan,nan,nan
NBA 2K16,PS4,Sports,2015.0,Take-Two Interactive,249,3,87.0,51.0,Visual Concepts,6.7,364.0
Dead or Alive 5,PS4,Fighting,2015.0,Tecmo Koei,9,8,nan,nan,nan,nan,nan
Samurai Warriors 4,PS4,Action,2014.0,Tecmo Koei,8,6,76.0,31.0,Omega Force,8.1,74.0
Warriors Orochi 3,PS4,Action,2014.0,Tecmo Koei,4,4,nan,nan,nan,nan,nan
Knack,PS4,Platform,2013.0,Sony Computer Entertainment Europe,43,42,54.0,83.0,SCE Japan Studio,6.5,1074.0
Dying Light,PS4,Action,2015.0,Warner Bros. Interactive Entertainment,96,12,74.0,58.0,Techland,7.9,1287.0
Lords of the Fallen,PS4,Role-Playing,2014.0,Square Enix,18,2,68.0,45.0,"City Interactive, Deck 13",6.6,425.0
Resident Evil: Revelations 2,PS4,Action,2015.0,Capcom,13,10,75.0,30.0,Capcom,7.7,284.0
Until Dawn,PS4,Adventure,2015.0,Sony Computer Entertainment Europe,45,5,79.0,103.0,SuperMassive Games,8.2,2161.0
Samurai Warriors 4-II,PS4,Action,2015.0,Tecmo Koei,3,6,73.0,26.0,Omega Force,7.3,24.0
RIGS: Mechanized Combat League,PS4,Action,2016.0,Sony Computer Entertainment,3,1,79.0,42.0,Guerilla Cambridge,7.9,76.0
Disgaea 5: Alliance of Vengeance,PS4,Role-Playing,2015.0,Nippon Ichi Software,11,6,80.0,43.0,Nippon Ichi Software,8.1,173.0
Hatsune Miku: Project Diva X,PS4,Misc,2016.0,Sega,2,2,78.0,22.0,Sega,7.4,41.0
NBA 2K15,PS4,Sports,2014.0,Take-Two Interactive,147,1,83.0,50.0,Visual Concepts,7,291.0
Bladestorm: Nightmare,PS4,Action,2015.0,Tecmo Koei,8,3,58.0,33.0,Omega Force,6.5,21.0
Grand Kingdom,PS4,Role-Playing,2015.0,Nippon Ichi Software,3,3,78.0,33.0,Spike Chunsoft,8.1,63.0
Atelier Sophie: The Alchemist of the Mysterious Book,PS4,Role-Playing,2015.0,Tecmo Koei,3,6,75.0,32.0,Gust,8.1,47.0
Doom (2016),PS4,Shooter,2016.0,Bethesda Softworks,54,2,nan,nan,nan,nan,nan
Akiba's Trip: Undead & Undressed,PS4,Action,2014.0,Acquire,8,1,nan,nan,nan,nan,nan
LittleBigPlanet 3,PS4,Platform,2014.0,Sony Computer Entertainment,66,1,79.0,78.0,Sumo Digital,7.1,506.0
Tomb Raider (2013),PS4,Action,2014.0,Square Enix,47,6,nan,nan,nan,nan,nan
LEGO Marvel Super Heroes,PS4,Action,2013.0,Warner Bros. Interactive Entertainment,59,1,83.0,22.0,TT Games,7.7,262.0
Star Ocean 5: Integrity and Faithlessness,PS4,Role-Playing,2016.0,Square Enix,7,15,nan,nan,nan,nan,nan
Dynasty Warriors 8: Empires,PS4,Action,2014.0,Tecmo Koei,6,3,63.0,30.0,Omega Force,7.5,42.0
God of War III,PS4,Action,2015.0,Sony Computer Entertainment,24,1,nan,nan,nan,nan,nan
Onechanbara Z2: Chaos,PS4,Action,2014.0,Nippon Ichi Software,14,4,57.0,40.0,"Tamsoft, D3Publisher",6.5,72.0
NBA 2K14,PS4,Sports,2013.0,Take-Two Interactive,89,1,85.0,20.0,Visual Concepts,6.5,368.0
Borderlands: The Handsome Collection,PS4,Shooter,2015.0,Take-Two Interactive,38,3,82.0,49.0,Gearbox Software,7.8,345.0
PlayStation VR Worlds,PS4,Misc,2016.0,Sony Computer Entertainment,6,2,59.0,48.0,Sony Interactive Entertainment,7.1,73.0
Gungnir: Mayari no Gunshin to Eiyuu Sensou,PSP,Role-Playing,2011.0,Atlus,7,4,nan,nan,nan,nan,nan
Monster Hunter Freedom,PSP,Role-Playing,2005.0,Capcom,24,103,71.0,34.0,Capcom,8.6,78.0
Shin Megami Tensei: Persona,PSP,Role-Playing,2009.0,Atlus,8,13,78.0,30.0,ITL,8,47.0
Blazing Souls: Accelate,PSP,Role-Playing,2009.0,Idea Factory,4,1,nan,nan,"Neverland, Idea Factory",7.8,17.0
The Legend of Heroes: Trails in the Sky First Chapter,PSP,Role-Playing,2006.0,Ghostlight,10,6,nan,nan,nan,nan,nan
Knights in the Nightmare,PSP,Role-Playing,2010.0,Atlus,6,2,75.0,10.0,Sting,7.7,7.0
The 3rd Birthday,PSP,Role-Playing,2010.0,Square Enix,13,27,71.0,56.0,HexaDrive,6.1,113.0
Dragon Ball Z: Shin Budokai,PSP,Fighting,2006.0,Atari,26,13,70.0,21.0,Dimps Corporation,8.1,19.0
LittleBigPlanet,PSP,Platform,2009.0,Sony Computer Entertainment,64,1,87.0,68.0,"SCE/WWS, Media Molecule",7.8,98.0
Disgaea: Afternoon of Darkness,PSP,Role-Playing,2006.0,Tecmo Koei,15,4,87.0,37.0,Nippon Ichi Software,8.2,69.0
Monster Hunter Freedom 2,PSP,Role-Playing,2007.0,Capcom,37,175,72.0,38.0,Capcom,8.7,83.0
Star Ocean: Second Evolution,PSP,Role-Playing,2008.0,Square Enix,14,16,75.0,37.0,TOSE,7.1,26.0
Monster Hunter Freedom Unite,PSP,Role-Playing,2008.0,Capcom,47,413,81.0,48.0,Capcom,8.7,124.0
Dragoneer's Aria,PSP,Role-Playing,2007.0,Tecmo Koei,2,5,56.0,30.0,Hit Maker,6,7.0
PaRappa The Rapper,PSP,Misc,2006.0,Sony Computer Entertainment,11,2,67.0,43.0,Epics,5.2,16.0
Dragon Ball Z: Shin Budokai - Another Road,PSP,Fighting,2007.0,Atari,19,8,nan,nan,nan,nan,nan
Kingdom Hearts: Birth by Sleep,PSP,Role-Playing,2010.0,Square Enix,63,75,82.0,62.0,Square Enix,8.6,208.0
Valkyria Chronicles II,PSP,Role-Playing,2010.0,Sega,12,18,83.0,54.0,Sega,8.1,67.0
Final Fantasy IV: The Complete Collection,PSP,Role-Playing,2011.0,Square Enix,13,27,77.0,41.0,Bullets,7.5,80.0
God of War: Chains of Olympus,PSP,Action,2008.0,Sony Computer Entertainment,148,4,91.0,79.0,Ready at Dawn,8.6,565.0
Secret Agent Clank,PSP,Platform,2008.0,Sony Computer Entertainment,4,4,72.0,56.0,High Impact Games,7.8,35.0
ModNation Racers,PSP,Racing,2010.0,Sony Computer Entertainment,11,2,73.0,22.0,SCEA San Diego Studios,7.7,22.0
Metal Slug Anthology,PSP,Shooter,2007.0,Ignition Entertainment,2,2,78.0,26.0,Terminal Reality,7.4,25.0
Grand Theft Auto: Vice City Stories,PSP,Action,2006.0,Take-Two Interactive,170,16,86.0,50.0,Rockstar Leeds,8,150.0
Lord of Arcana,PSP,Role-Playing,2010.0,Square Enix,7,17,53.0,45.0,Access Games,5.5,21.0
Crazy Taxi: Fare Wars,PSP,Racing,2007.0,Sega,10,2,64.0,25.0,Sega,7.1,18.0
Samurai Warriors: State of War,PSP,Action,2005.0,Tecmo Koei,7,11,64.0,30.0,Omega Force,6.4,8.0
Class of Heroes,PSP,Role-Playing,2008.0,Acquire,6,8,61.0,12.0,Zerodiv,7.1,12.0
Final Fantasy Tactics: The War of the Lions,PSP,Role-Playing,2007.0,Square Enix,45,30,88.0,41.0,TOSE,8,238.0
Dissidia: Final Fantasy,PSP,Fighting,2008.0,Square Enix,51,91,79.0,61.0,Square Enix,8,139.0
Disgaea 2: Dark Hero Days,PSP,Role-Playing,2009.0,Nippon Ichi Software,10,12,83.0,33.0,Nippon Ichi Software,7.1,47.0
Zetta Hero Project: Unlosing Ranger vs. Darkdeath Evilman,PSP,Role-Playing,2010.0,Nippon Ichi Software,7,6,nan,nan,nan,nan,nan
Space Invaders Extreme,PSP,Shooter,2008.0,Square Enix,6,1,84.0,29.0,Taito Corporation,6.8,13.0
Dynasty Warriors,PSP,Action,2004.0,Tecmo Koei,18,30,62.0,26.0,Koei,7.3,24.0
Hexyz Force,PSP,Role-Playing,2009.0,Atlus,7,6,68.0,13.0,Sting,7.3,21.0
Phantom Brave: The Hermuda Triangle,PSP,Role-Playing,2010.0,Nippon Ichi Software,6,3,65.0,16.0,Nippon Ichi Software,7.3,11.0
Warriors Orochi,PSP,Action,2008.0,Tecmo Koei,2,18,62.0,13.0,"Omega Force, Koei Canada",6.6,10.0
Shin Megami Tensei: Persona 3 Portable,PSP,Role-Playing,2009.0,Ghostlight,18,34,89.0,40.0,Atlus,8.3,317.0
Star Wars: Battlefront II,PSP,Shooter,2005.0,LucasArts,105,1,69.0,22.0,Savage Entertainment,8.5,111.0
LocoRoco,PSP,Platform,2006.0,Sony Computer Entertainment,14,16,83.0,67.0,SCE Japan Studio,8.7,89.0
"Prinny 2: Dawn of Operation Panties, Dood!",PSP,Platform,2010.0,Nippon Ichi Software,5,3,nan,nan,nan,nan,nan
Fate/Extra,PSP,Role-Playing,2010.0,Marvelous Interactive,18,10,58.0,10.0,"Image Epoch, Imageepoch",8.1,39.0
"What Did I Do to Deserve This, My Lord!? 2",PSP,Role-Playing,2008.0,Nippon Ichi Software,6,18,nan,nan,nan,nan,nan
SOCOM: U.S. Navy SEALs Fireteam Bravo,PSP,Shooter,2005.0,Sony Computer Entertainment,103,1,82.0,44.0,Zipper Interactive,8.6,63.0
Resistance: Retribution,PSP,Shooter,2009.0,Sony Computer Entertainment,27,5,81.0,67.0,Sony Bend,8.1,84.0
Crisis Core: Final Fantasy VII,PSP,Role-Playing,2007.0,Square Enix,135,80,83.0,67.0,Square Enix,8,463.0
Mana Khemia: Student Alliance,PSP,Role-Playing,2008.0,Nippon Ichi Software,6,3,41.0,19.0,Gust,5.3,37.0
Ratchet & Clank: Size Matters,PSP,Platform,2007.0,Sony Computer Entertainment,140,10,nan,nan,nan,nan,nan
Dissidia 012: Duodecim Final Fantasy,PSP,Fighting,2011.0,Square Enix,21,46,78.0,52.0,Square Enix,8.3,144.0
Disgaea Infinite,PSP,Adventure,2010.0,Nippon Ichi Software,7,1,64.0,15.0,Nippon Ichi Software,4.4,40.0
Grand Theft Auto: Liberty City Stories,PSP,Action,2005.0,Take-Two Interactive,290,24,88.0,65.0,Rockstar Leeds,7.6,451.0
Grand Theft Auto: Chinatown Wars,PSP,Action,2009.0,Take-Two Interactive,28,3,90.0,77.0,Rockstar Leeds,7.3,146.0
Tactics Ogre: Let Us Cling Together,PSP,Role-Playing,2010.0,Square Enix,15,27,87.0,49.0,Square Enix,8.8,102.0
Final Fantasy Anniversary Edition,PSP,Role-Playing,2007.0,Square Enix,39,13,67.0,34.0,TOSE,7.7,47.0
Guilty Gear Judgment,PSP,Fighting,2006.0,Majesco Entertainment,13,2,77.0,17.0,Arc System Works,6.6,8.0
Prinny: Can I Really Be the Hero?,PSP,Platform,2008.0,Tecmo Koei,3,5,72.0,45.0,Nippon Ichi Software,7,41.0
PANGYA: Fantasy Golf,PSP,Sports,2009.0,Takara Tomy,9,4,77.0,16.0,Ntreev Soft,7,13.0
Riviera: The Promised Land,PSP,Role-Playing,2006.0,505 Games,7,2,68.0,11.0,Sting,7.7,17.0
Patapon,PSP,Misc,2007.0,Sony Computer Entertainment,33,7,86.0,60.0,SCE Japan Studio,8.7,102.0
Hot Shots Tennis: Get a Grip,PSP,Sports,2010.0,Sony Computer Entertainment,7,13,80.0,27.0,Clap Hanz,8,17.0
God of War: Ghost of Sparta,PSP,Action,2010.0,Sony Computer Entertainment,41,3,86.0,73.0,Ready at Dawn,8.4,255.0
SNK Arcade Classics Vol. 1,PSP,Misc,2008.0,Ignition Entertainment,13,1,68.0,13.0,Terminal Reality,tbd,nan
Pac-Man: Adventures in Time,PSP,Fighting,2006.0,Sony Computer Entertainment,76,12,nan,nan,nan,nan,nan
LocoRoco 2,PSP,Platform,2008.0,Sony Computer Entertainment,21,1,85.0,55.0,SCE Japan Studio,8.4,44.0
Gran Turismo (PSP),PSP,Racing,2009.0,Sony Computer Entertainment,50,31,nan,nan,nan,nan,nan
Grand Kingdom,PSV,Role-Playing,2015.0,Nippon Ichi Software,1,4,76.0,11.0,Spike Chunsoft,8.8,33.0
Yomawari,PSV,Adventure,2015.0,Nippon Ichi Software,2,6,nan,nan,nan,nan,nan
Hyperdevotion Noire: Goddess Black Heart,PSV,Role-Playing,2014.0,Idea Factory,4,6,68.0,24.0,Sting,7.1,36.0
Hatsune Miku: Project Diva F 2nd,PSV,Misc,2014.0,Sega,8,16,81.0,8.0,Sega,8.4,69.0
Criminal Girls 2,PSV,Role-Playing,2015.0,Nippon Ichi Software,1,3,nan,nan,nan,nan,nan
World of Final Fantasy,PSV,Role-Playing,2016.0,Square Enix,4,8,77.0,5.0,Square Enix,8.6,46.0
Borderlands 2,PSV,Shooter,2014.0,Take-Two Interactive,32,1,64.0,31.0,Iron Galaxy Studios,7.6,358.0
Shinobido 2: Tales of the Ninja,PSV,Action,2011.0,Sony Computer Entertainment,4,2,nan,nan,nan,nan,nan
Dragon's Crown,PSV,Role-Playing,2013.0,Nippon Ichi Software,14,12,78.0,15.0,Vanillaware,8.4,198.0
BlazBlue: Chrono Phantasma,PSV,Fighting,2014.0,Arc System Works,3,3,nan,nan,Arc System Works,7.8,28.0
Deception IV: Blood Ties,PSV,Action,2014.0,Tecmo Koei,2,7,67.0,19.0,Koei Tecmo Games,7.5,61.0
MeiQ no Chika Ni Shisu: A Maze to Eradicate Them All,PSV,Role-Playing,2015.0,Idea Factory,1,1,nan,nan,nan,nan,nan
Toukiden Kiwami,PSV,Action,2014.0,Tecmo Koei,2,17,82.0,5.0,"Omega Force, Koei Tecmo Games",8.6,42.0
Dungeon Travelers 2: The Royal Library & The Monster Seal,PSV,Role-Playing,2014.0,Atlus,3,5,nan,nan,nan,nan,nan
Persona 4: Dancing All Night,PSV,Misc,2015.0,Nippon Ichi Software,9,15,76.0,51.0,"Atlus, Dingo Inc.",8.6,83.0
The Legend of Heroes: Trails of Cold Steel,PSV,Role-Playing,2013.0,Nippon Ichi Software,5,14,77.0,20.0,Falcom,7.5,132.0
Ninja Gaiden Sigma,PSV,Action,2012.0,Tecmo Koei,10,4,nan,nan,nan,nan,nan
Minecraft,PSV,Misc,2014.0,Sony Computer Entertainment Europe,18,90,nan,nan,nan,nan,nan
Virtua Tennis 4: World Tour,PSV,Sports,2011.0,Sega,4,1,nan,nan,nan,nan,nan
Odin Sphere: Leifthrasir,PSV,Role-Playing,2016.0,Nippon Ichi Software,2,9,93.0,5.0,Vanillaware,7.9,83.0
XBLAZE Code: Embryo,PSV,Adventure,2013.0,Arc System Works,1,1,43.0,5.0,Arc System Works,7.4,24.0
Akiba's Trip: Undead & Undressed,PSV,Action,2013.0,Nippon Ichi Software,4,8,nan,nan,nan,nan,nan
LittleBigPlanet PS Vita,PSV,Platform,2012.0,Sony Computer Entertainment,35,2,88.0,71.0,"Tarsier Studios, Double Eleven",8.6,348.0
Demon Gaze,PSV,Role-Playing,2013.0,Nippon Ichi Software,4,8,70.0,38.0,Experience Inc.,7.4,129.0
Dengeki Bunko Fighting Climax,PSV,Fighting,2014.0,Sega,4,8,75.0,7.0,Sega,8.5,28.0
Lego Star Wars: The Force Awakens,PSV,Action,2016.0,Warner Bros. Interactive Entertainment,1,1,nan,nan,TT Games,7.1,13.0
PlayStation All-Stars Battle Royale,PSV,Action,2012.0,Sony Computer Entertainment,21,1,75.0,15.0,Bluepoint Games,7.5,221.0
Operation Abyss: New Tokyo Legacy,PSV,Role-Playing,2014.0,Nippon Ichi Software,2,6,66.0,25.0,Experience Inc.,7.3,24.0
Unit 13,PSV,Shooter,2012.0,Sony Computer Entertainment,25,4,71.0,60.0,Zipper Interactive,7.5,169.0
Corpse Party: Blood Drive,PSV,Adventure,2014.0,Marvelous Interactive,8,6,60.0,19.0,5pb,7.4,58.0
Disgaea 3: Absence of Detention,PSV,Role-Playing,nan,Nippon Ichi Software,11,7,78.0,28.0,Nippon Ichi Software,7.6,116.0
Code:Realize - Sousei no Himegimi,PSV,Adventure,2014.0,Idea Factory,5,3,nan,nan,nan,nan,nan
Gravity Rush,PSV,Action,2012.0,Sony Computer Entertainment,21,9,83.0,73.0,SCE Japan Studio,8.5,625.0
Hatsune Miku: Project Diva X,PSV,Misc,2016.0,Sega,1,10,83.0,5.0,Sega,8,22.0
Criminal Girls: Invite Only,PSV,Role-Playing,2013.0,Nippon Ichi Software,1,4,55.0,31.0,"Image Epoch, Imageepoch",6.7,37.0
Soul Sacrifice,PSV,Role-Playing,2013.0,Sony Computer Entertainment,15,22,77.0,71.0,"SCE Japan Studio, comcept",8.2,298.0
The Legend of Heroes: Trails of Cold Steel II,PSV,Role-Playing,2014.0,Nippon Ichi Software,2,13,80.0,23.0,Falcom,7.3,73.0
Freedom Wars,PSV,Role-Playing,2014.0,Sony Computer Entertainment,15,32,73.0,39.0,"Dimps Corporation, SCE Japan Studio",8.3,265.0
Final Fantasy X / X-2 HD Remaster,PSV,Role-Playing,2013.0,Square Enix,16,28,86.0,14.0,Virtuos,8.5,223.0
Arcana Heart 3,PSV,Fighting,2014.0,Arc System Works,2,2,nan,nan,nan,nan,nan
The Walking Dead: Season One,PSV,Adventure,2013.0,Square Enix,10,1,nan,nan,nan,nan,nan
Makai Shin Trillion,PSV,Role-Playing,2014.0,Idea Factory,2,6,nan,nan,nan,nan,nan
Street Fighter X Tekken,PSV,Fighting,2012.0,Capcom,10,1,79.0,25.0,Capcom,7.5,66.0
Uncharted: Golden Abyss,PSV,Shooter,2011.0,Sony Computer Entertainment,53,13,80.0,80.0,"Naughty Dog, Sony Bend",7.4,770.0
God of War Collection,PSV,Action,2014.0,Sony Computer Entertainment,8,1,73.0,28.0,"Sanzaru Games, Sanzaru Games, Inc.",7.4,133.0
Ninja Blade,X360,Action,2009.0,Microsoft Game Studios,14,2,68.0,65.0,From Software,6.8,55.0
Dungeon Siege III,X360,Role-Playing,2011.0,Square Enix,21,1,72.0,55.0,Obsidian Entertainment,5.9,102.0
Tomb Raider (2013),X360,Action,2013.0,Square Enix,86,1,nan,nan,nan,nan,nan
Dark Sector,X360,Shooter,2008.0,D3Publisher,22,1,72.0,71.0,Digital Extremes,7.5,147.0
Resident Evil 6,X360,Shooter,2012.0,Capcom,112,7,67.0,71.0,Capcom,5,1407.0
Anarchy Reigns,X360,Action,2012.0,Sega,12,2,73.0,38.0,PlatinumGames,7.9,105.0
Dynasty Warriors 6,X360,Action,2007.0,Tecmo Koei,15,6,60.0,42.0,Omega Force,7.4,22.0
Way of the Samurai 3,X360,Action,2009.0,Gamebridge,12,2,55.0,22.0,Acquire,6.8,16.0
Steel Battalion: Heavy Armor,X360,Misc,2012.0,Capcom,8,2,38.0,58.0,From Software,2.4,92.0
Brink,X360,Shooter,2011.0,Bethesda Softworks,59,1,68.0,85.0,Splash Damage,5.8,404.0
Gears of War: Judgment,X360,Shooter,2013.0,Microsoft Game Studios,92,3,79.0,81.0,Epic Games,5.4,779.0
Lost Odyssey,X360,Role-Playing,2007.0,Microsoft Game Studios,45,11,78.0,68.0,Mistwalker,8.3,432.0
Forza Horizon,X360,Racing,2012.0,Microsoft Game Studios,82,4,85.0,83.0,"PLAYGROUND, Playground Games",8.4,431.0
WWE SmackDown vs. Raw 2010,X360,Fighting,2009.0,THQ,56,1,80.0,59.0,Yuke's,8.4,36.0
Dynasty Warriors: Strikeforce,X360,Action,2009.0,Tecmo Koei,13,2,59.0,18.0,Omega Force,5.7,12.0
Armored Core 4,X360,Simulation,2007.0,505 Games,19,3,65.0,31.0,From Software,7.2,31.0
Too Human,X360,Role-Playing,2008.0,Microsoft Game Studios,38,3,65.0,80.0,Silicon Knights,7,458.0
Red Dead Redemption: Undead Nightmare,X360,Action,2010.0,Take-Two Interactive,56,2,nan,nan,Rockstar San Diego,7.6,18.0
Dead or Alive Xtreme 2,X360,Sports,2006.0,Tecmo Koei,15,6,53.0,46.0,Team Ninja,6.7,42.0
Kinect Sports,X360,Sports,2010.0,Microsoft Game Studios,392,3,73.0,51.0,Rare Ltd.,7.4,95.0
Virtua Fighter 5 Online,X360,Fighting,2007.0,Sega,20,3,89.0,36.0,Sega AM2,7.6,62.0
Vampire Rain,X360,Action,2007.0,Microsoft Game Studios,18,1,38.0,45.0,Artoon,2.9,44.0
The Elder Scrolls V: Skyrim,X360,Role-Playing,2011.0,Bethesda Softworks,505,10,96.0,89.0,Bethesda Game Studios,8.4,3589.0
Alan Wake,X360,Action,2010.0,Microsoft Game Studios,66,5,83.0,100.0,Remedy Entertainment,8.1,1156.0
Hitman: Absolution,X360,Action,2012.0,Square Enix,68,1,79.0,51.0,Io Interactive,7.1,453.0
The King of Fighters XII,X360,Fighting,2009.0,Ignition Entertainment,9,1,63.0,57.0,SNK Playmore,4.2,33.0
Just Cause 2,X360,Action,2010.0,Square Enix,59,2,81.0,74.0,Avalanche Studios,8,267.0
Halo 3: ODST,X360,Shooter,2009.0,Microsoft Game Studios,434,6,83.0,94.0,"Bungie Software, Bungie",7.1,1163.0
NBA 2K13,X360,Sports,2012.0,Take-Two Interactive,260,1,88.0,41.0,Visual Concepts,7.2,131.0
Minecraft,X360,Misc,2013.0,Microsoft Game Studios,570,2,nan,nan,nan,nan,nan
Kane & Lynch 2: Dog Days,X360,Shooter,2010.0,Square Enix,20,1,nan,nan,nan,nan,nan
Turok,X360,Action,2008.0,Touchstone,46,1,69.0,63.0,Propaganda Games,7.1,120.0
Fallout 3,X360,Role-Playing,2008.0,Bethesda Softworks,340,9,93.0,84.0,Bethesda Game Studios,8.5,1655.0
The Darkness,X360,Shooter,2007.0,Take-Two Interactive,36,1,82.0,63.0,Starbreeze,8.1,196.0
Final Fantasy XIII,X360,Role-Playing,2010.0,Square Enix,128,1,82.0,54.0,Square Enix,6.3,539.0
Gears of War 2,X360,Shooter,2008.0,Microsoft Game Studios,415,6,93.0,90.0,Epic Games,7.7,2739.0
Dynasty Warriors 6 Empires,X360,Action,2009.0,Tecmo Koei,16,4,59.0,24.0,Omega Force,7.3,28.0
Star Ocean: The Last Hope,X360,Role-Playing,2009.0,Square Enix,32,21,72.0,56.0,"Square Enix, Tri-Ace",7.2,150.0
The Elder Scrolls IV: Oblivion,X360,Role-Playing,2006.0,Take-Two Interactive,282,13,94.0,90.0,Bethesda Softworks,8.7,1109.0
Kinect: Disneyland Adventures,X360,Misc,2011.0,Microsoft Game Studios,173,2,73.0,33.0,Frontier Developments,2.9,67.0
N3 II: Ninety-Nine Nights,X360,Action,2010.0,Microsoft Game Studios,6,4,nan,nan,nan,nan,nan
Bully: Scholarship Edition,X360,Action,2008.0,Take-Two Interactive,53,3,80.0,56.0,"Mad Doc Software, Rockstar Vancouver",8.3,154.0
PGR3 - Project Gotham Racing 3,X360,Racing,2005.0,Microsoft Game Studios,49,3,nan,nan,nan,nan,nan
Tenchu Z,X360,Action,2006.0,Microsoft Game Studios,27,2,56.0,51.0,K2 LLC,7.3,58.0
Viva Pinata,X360,Simulation,2006.0,Microsoft Game Studios,45,2,84.0,65.0,Rare Ltd.,8,131.0
Ninja Gaiden II,X360,Action,2008.0,Tecmo Koei,65,5,81.0,74.0,"Team Ninja, Tecmo",8,302.0
Chromehounds,X360,Simulation,2006.0,Sega,24,1,71.0,60.0,From Software,7,72.0
Lost Planet: Extreme Condition,X360,Shooter,2006.0,Capcom,109,10,79.0,76.0,Capcom,7.1,187.0
Crackdown,X360,Shooter,2007.0,Microsoft Game Studios,100,3,83.0,75.0,Realtime Worlds,8,340.0
Street Fighter IV,X360,Fighting,2009.0,Capcom,182,15,93.0,77.0,Capcom,7.3,292.0
Akai Katana Shin,X360,Shooter,2011.0,Cave,4,1,nan,nan,nan,nan,nan
Darksiders,X360,Action,2010.0,THQ,67,1,83.0,81.0,Vigil Games,7.9,292.0
Binary Domain,X360,Action,2012.0,Sega,9,2,74.0,43.0,Sega,8,185.0
Frontlines: Fuel of War,X360,Shooter,2008.0,THQ,34,1,75.0,55.0,Kaos Studios,7.8,77.0
Fallout: New Vegas,X360,Role-Playing,2010.0,Bethesda Softworks,266,4,84.0,81.0,Obsidian Entertainment,8.1,769.0
Kinect Star Wars,X360,Action,2012.0,Microsoft Game Studios,105,3,55.0,61.0,Terminal Reality,3.5,145.0
Viva Pinata: Trouble in Paradise,X360,Simulation,2008.0,Microsoft Game Studios,16,1,82.0,64.0,Rare Ltd.,7.9,61.0
Mass Effect,X360,Role-Playing,2007.0,Microsoft Game Studios,183,3,91.0,74.0,BioWare,8.7,1692.0
Earth Defense Force 2025,X360,Shooter,2013.0,D3Publisher,6,5,68.0,25.0,Sandlot,8.1,63.0
NBA 2K11,X360,Action,2010.0,Take-Two Interactive,184,1,89.0,50.0,Visual Concepts,8.1,100.0
Crackdown 2,X360,Shooter,2010.0,Microsoft Game Studios,63,2,70.0,91.0,Ruffian Games,6,202.0
Earth Defense Force 2017,X360,Action,2006.0,D3Publisher,4,3,69.0,55.0,Sandlot,7.7,60.0
F.E.A.R. 3,X360,Shooter,2011.0,Warner Bros. Interactive Entertainment,30,1,75.0,71.0,Day 1 Studios,7,139.0
Homefront,X360,Shooter,2011.0,THQ,83,2,70.0,85.0,Kaos Studios,6,399.0
DmC: Devil May Cry,X360,Action,2013.0,Capcom,26,1,86.0,65.0,Ninja Theory,5.1,1438.0
Infinite Undiscovery,X360,Role-Playing,2008.0,Square Enix,34,12,68.0,60.0,Tri-Ace,7,158.0
NBA 2K12,X360,Sports,2011.0,Take-Two Interactive,231,1,90.0,42.0,Visual Concepts,7.7,134.0
Ace Combat 6: Fires of Liberation,X360,Simulation,2007.0,Atari,69,22,80.0,54.0,Project Aces,7.9,101.0
Saints Row 2,X360,Action,2008.0,THQ,194,2,81.0,75.0,Volition Inc.,8.1,307.0
Project Sylpheed: Arc of Deception,X360,Shooter,2006.0,Microsoft Game Studios,12,2,64.0,45.0,"Game Arts, Seta Corporation",8.6,24.0
Perfect Dark Zero,X360,Shooter,2005.0,Microsoft Game Studios,66,3,81.0,75.0,Rare Ltd.,7.3,229.0
Dragon's Dogma,X360,Role-Playing,2012.0,Capcom,42,7,75.0,59.0,Capcom,7.8,320.0
Sniper Elite V2,X360,Shooter,2012.0,505 Games,46,2,67.0,37.0,Rebellion,6.8,131.0
Forza Motorsport 3,X360,Racing,2009.0,Microsoft Game Studios,299,10,92.0,90.0,Turn 10,8,516.0
Final Fantasy XI: Wings of the Goddess,X360,Role-Playing,2007.0,Square Enix,26,2,63.0,4.0,Square Enix,5.8,5.0
Devil May Cry 4,X360,Action,2008.0,Capcom,79,8,84.0,61.0,Capcom,8,248.0
Test Drive Unlimited,X360,Racing,2006.0,Atari,23,2,82.0,69.0,Eden Studios,8,86.0
Lost Planet 3,X360,Shooter,2013.0,Capcom,7,1,58.0,43.0,Spark Unlimited,5.8,142.0
Magna Carta 2,X360,Role-Playing,2009.0,Banpresto,13,7,69.0,49.0,"Banpresto, SoftMax",7,57.0
Gears of War,X360,Shooter,2006.0,Microsoft Game Studios,354,7,94.0,88.0,Epic Games,8.3,2295.0
Front Mission Evolved,X360,Shooter,2010.0,Square Enix,10,2,58.0,52.0,Double Helix Games,6.1,24.0
Rage,X360,Shooter,2011.0,Bethesda Softworks,82,3,81.0,77.0,id Software,6.7,559.0
Ninja Gaiden 3,X360,Action,2012.0,Tecmo Koei,16,3,58.0,39.0,Team Ninja,4.4,136.0
Red Faction: Armageddon,X360,Shooter,2011.0,THQ,18,1,71.0,74.0,Volition Inc.,7,77.0
Persona 4: Arena,X360,Fighting,2012.0,Atlus,8,3,83.0,21.0,Arc System Works,7.3,60.0
Bullet Witch,X360,Shooter,2006.0,Atari,7,2,55.0,59.0,Cavia Inc.,6.1,41.0
Fist of the North Star: Ken's Rage 2,X360,Fighting,2012.0,Tecmo Koei,3,2,55.0,18.0,Koei,7.1,20.0
Blue Dragon,X360,Role-Playing,2006.0,Microsoft Game Studios,30,21,79.0,56.0,"Mistwalker, Artoon",7.8,161.0
Warriors Orochi 2,X360,Action,2008.0,Tecmo Koei,4,1,44.0,28.0,Omega Force,8.1,15.0
Forza Motorsport 4,X360,Racing,2011.0,Microsoft Game Studios,208,6,91.0,83.0,Turn 10,8.2,617.0
Earth Defense Force: Insect Armageddon,X360,Shooter,2011.0,D3Publisher,10,3,68.0,40.0,Vicious Cycle,8.2,45.0
PGR4 - Project Gotham Racing 4,X360,Racing,2007.0,Microsoft Game Studios,48,2,nan,nan,nan,nan,nan
Batman: Arkham City,X360,Action,2011.0,Warner Bros. Interactive Entertainment,299,4,94.0,87.0,Rocksteady Studios,8.7,1472.0
The Last Remnant,X360,Role-Playing,2008.0,Square Enix,25,18,66.0,49.0,Square Enix,6.9,122.0
Fable II,X360,Role-Playing,2008.0,Microsoft Game Studios,250,11,89.0,95.0,Lionhead Studios,6.5,2423.0
Bayonetta,X360,Action,2009.0,Sega,51,9,90.0,86.0,PlatinumGames,8,597.0
Kinect Sports: Season Two,X360,Sports,2011.0,Microsoft Game Studios,138,2,66.0,46.0,"Rare Ltd., BigPark",6.5,39.0
Tales of Vesperia,X360,Role-Playing,2008.0,Atari,32,19,79.0,67.0,Bandai Namco Games,8.2,264.0
Borderlands 2,X360,Shooter,2012.0,Take-Two Interactive,189,4,89.0,59.0,Gearbox Software,8.2,892.0
Final Fantasy XI: Vana'diel Collection 2008,X360,Role-Playing,2007.0,Square Enix,13,1,nan,nan,Square Enix,tbd,nan
